,source_title_name,series_title_long,search_title,legacy_hbomax_series_viewable_id,release_year,content_type
0,101 Places to Get F Up,101 Places to Party Before You Die,101 Places,GYw-6_w6fq0TDwwEAAAhq,2022.0,episode
0,A Dark Room In The Glitterball City,Down a Dark Hall,A Dark,GW_L0QwKaJL3DwgEAAADh,2018.0,
0,A HAUNTED HOUSE,A Haunted House 2,A HAUNTED HOUSE,GYF5TyQc4RBDDSgEAAACx,2014.0,
0,A Knight of the Seven Kingdoms S1,A Knight's Tale,A Knight,GYoejpgibYMJUwgEAAAAC,2001.0,
13,A TINY AUDIENCE: GIANMARCO,A Tiny Audience: Natalia Jimenez,A TINY,GXnU63Q3brJI9wwEAAAVD,2020.0,
17,A TINY AUDIENCE: GIANMARCO,A Tiny Audience: Natti Natasha,A TINY,GXnU68gPDbJI9wwEAAAVG,2020.0,
22,A TINY AUDIENCE: GIANMARCO,A Tiny Audience: Sebastian Yatra,A TINY,GXnU6yQlcJaFYqQEAAAVU,2020.0,
21,A TINY AUDIENCE: GIANMARCO,A Tiny Audience: Jesse & Joy,A TINY,GXnU7Gg3XIYCgwwEAAAXX,2020.0,
20,A TINY AUDIENCE: GIANMARCO,A Tiny Audience: Fonseca,A TINY,GXnU6qwSLw6FYqQEAAAVR,2020.0,
18,A TINY AUDIENCE: GIANMARCO,A Tiny Audience: Juanes,A TINY,GXnU7TwJJwoCgwwEAAAXc,2020.0,
16,A TINY AUDIENCE: GIANMARCO,A Tiny Audience: Ally Brooke,A TINY,GXnU6jA0ZfJI9wwEAAAU7,2020.0,
15,A TINY AUDIENCE: GIANMARCO,A Tiny Audience: Debi Nova,A TINY,GXnU60w0VeKFYqQEAAAVX,2020.0,
14,A TINY AUDIENCE: GIANMARCO,A Tiny Audience: La Santa Cecilia,A TINY,GXnU7BgcQPaFYqQEAAAVa,2020.0,
19,A TINY AUDIENCE: GIANMARCO,A Tiny Audience: Diego Torres,A TINY,GXnU7JQIwJYCgwwEAAAXY,2020.0,
11,A TINY AUDIENCE: GIANMARCO,A Tiny Audience: Tommy Torres,A TINY,GXnU6dwPAWYCgwwEAAAXF,2020.0,
10,A TINY AUDIENCE: GIANMARCO,A Tiny Audience: Mon Laferte,A TINY,GXnU6gA7_DqFYqQEAAAVL,2020.0,
8,A TINY AUDIENCE: GIANMARCO,A Tiny Audience: Cami,A TINY,GXnU6vwb8GZI9wwEAAAU_,2020.0,
7,A TINY AUDIENCE: GIANMARCO,A Tiny Audience: Jackie Cruz,A TINY,GXnU7LwbqP5I9wwEAAAVP,2020.0,
5,A TINY AUDIENCE: GIANMARCO,A Tiny Audience: Danny Ocean,A TINY,GXnU66ALanqFYqQEAAAVZ,2020.0,
4,A TINY AUDIENCE: GIANMARCO,A Tiny Audience: Draco Rosa,A TINY,GXnU6jATGyoCgwwEAAAXH,2020.0,
2,A TINY AUDIENCE: GIANMARCO,A Tiny Audience,A TINY,GXcsTHA88FJuAuwEAAASx,2021.0,episode
1,A TINY AUDIENCE: GIANMARCO,A Tiny Audience: Alejandra Guzman,A TINY,GXnU6jQIOvJI9wwEAAAU8,2020.0,
0,A TINY AUDIENCE: GIANMARCO,A Tiny Audience: Piso 21,A TINY,GXnU7EAmZeoCgwwEAAAXU,2020.0,
6,A TINY AUDIENCE: GIANMARCO,A Tiny Audience: Vicente Garcia,A TINY,GXnU7RQB5g6FYqQEAAAVh,2020.0,
24,"ADVENTURES OF TOM SAWYER, THE",The Adventures of Robin Hood,ADVENTURES OF,GXjS6Hg8UKo7CZgEAAAXd,1938.0,
26,"ADVENTURES OF TOM SAWYER, THE",The Adventures of Milo and Otis,ADVENTURES OF,GYbvpzQixYwqEhgEAAANG,1989.0,
31,"ADVENTURES OF TOM SAWYER, THE","The Adventures of Ogú, Mampato and Rena",ADVENTURES OF,GYTMd-wXe6akfwgEAAAAQ,2023.0,
38,"ADVENTURES OF TOM SAWYER, THE",The Adventures of Panda Warrior,ADVENTURES OF,GYJBUvA0bbBLDLAEAAAAD,2012.0,
37,"ADVENTURES OF TOM SAWYER, THE",The Adventures of Batman,ADVENTURES OF,GY9HsKA1GJK-1mgEAAA0g,1968.0,
33,"ADVENTURES OF TOM SAWYER, THE",The Adventures of Paddington,ADVENTURES OF,GYigtFwTWHcN9uAEAAAHK,2021.0,
44,"ADVENTURES OF TOM SAWYER, THE",Axel: Adventures Of The Spacekids,ADVENTURES OF,GYDlsrwaa3YefwgEAAACU,2017.0,
41,"ADVENTURES OF TOM SAWYER, THE",The Adventures of Muelin and Perlita,ADVENTURES OF,GYVslcwvfTsJpwgEAAAAm,2013.0,
42,"ADVENTURES OF TOM SAWYER, THE",The True Adventures of Wolfboy,ADVENTURES OF,GYVKpsgGiYcLCwgEAAAAT,2019.0,
43,"ADVENTURES OF TOM SAWYER, THE",The Adventures of Tintin,ADVENTURES OF,GYgqFhQSNHsM-kwEAAABT,2011.0,
11,"ADVENTURES OF TOM SAWYER, THE",The Marvelous Misadventures of Flapjack,ADVENTURES OF,GXnvh5wHKZBtjhQEAAARV,2009.0,episode
19,"ADVENTURES OF TOM SAWYER, THE",Tea War: The Adventures Of Robert Fortune,ADVENTURES OF,GXqyX4QBwGzqbswEAAATY,2016.0,
39,"ADVENTURES OF TOM SAWYER, THE",The Adventures of Sharkboy and Lavagirl,ADVENTURES OF,GV4z_-gbJc7fDNQEAAAAj,2005.0,
36,"ADVENTURES OF TOM SAWYER, THE",The Adventures of Elmo in Grouchland,ADVENTURES OF,GYbuuZAZKub68wwEAAANG,1999.0,
14,"ADVENTURES OF TOM SAWYER, THE",The Adventures of Tintin,ADVENTURES OF,GYUI-7Aont78XYwEAAACQ,2011.0,
4,"ADVENTURES OF TOM SAWYER, THE",Far From Home: The Adventures of Yellow Dog,ADVENTURES OF,GXEIDEwS8pY0IvQEAAAF1,1995.0,
13,"ADVENTURES OF TOM SAWYER, THE",The Misadventures of Romesh Ranganathan,ADVENTURES OF,GXqSGFAt7cL2_wwEAAATm,2018.0,
0,"ADVENTURES OF TOM SAWYER, THE",The Adventures of Batman,ADVENTURES OF,GYSgHAwuZMMLCwgEAAAA2,1968.0,
1,"ADVENTURES OF TOM SAWYER, THE",The Adventures of Tom Thumb and Thumbelina,ADVENTURES OF,GXKTRWQFeJsPDwwEAAAB1,2019.0,
18,"ADVENTURES OF TOM SAWYER, THE",Adventures of Dally & Spanky,ADVENTURES OF,GYF4T3QX72YTCwgEAAAEc,2019.0,
5,"ADVENTURES OF TOM SAWYER, THE",The Adventures of Pinocchio,ADVENTURES OF,GXtk_wA5uMcJHjQEAAAdk,1996.0,movie
2,"ADVENTURES OF TOM SAWYER, THE",The New Adventures of Old Christine,ADVENTURES OF,GYAcWjwZC0cIyQgEAAAAy,2006.0,
7,"ADVENTURES OF TOM SAWYER, THE",The Adventures of Mark Twain,ADVENTURES OF,GYnAUoglyTjBiYwEAAAFS,1944.0,
8,"ADVENTURES OF TOM SAWYER, THE",The Grim Adventures of Billy & Mandy,ADVENTURES OF,GX-Tu4ge5qAexgwEAAABd,2003.0,episode
10,"ADVENTURES OF TOM SAWYER, THE",The New Adventures of Superman,ADVENTURES OF,GYPk0ngDU6j5wlQEAAAAF,1967.0,
6,"ADVENTURES OF TOM SAWYER, THE",The Extraordinary Adventures of Adèle Blanc-Sec,ADVENTURES OF,GYUlrtghqmWmKlQEAAABl,2010.0,
3,"ADVENTURES OF TOM SAWYER, THE",Lois & Clark: The New Adventures of Superman,ADVENTURES OF,GYGde1QoSobzCwgEAAAAG,1993.0,episode
12,"ADVENTURES OF TOM SAWYER, THE",The Adventures of the Panda Warrior,ADVENTURES OF,GXHHayQOze4BThwEAAAGM,2019.0,
0,ALICE TELEFILM (3 EPS),Alice Telefilm Part 2: The Last Night,ALICE TELEFILM,GVU2rpwpsbFFvjSoJAU9k,2011.0,
1,ALICE TELEFILM (3 EPS),Alice Telefilm Part 1: The First Day of the Rest of My Life,ALICE TELEFILM,GVU2dYwSXbo7DwvwIAT_y,2011.0,
7,ALIEN: COVENANT,Ben 10: Alien X-Tinction,ALIEN ,GYUxs_Qjxd7-fwgEAAACp,2020.0,
5,ALIEN: COVENANT,Ben 10: Alien Swarm,ALIEN ,GYJWahQMHrGDDwgEAAAAh,2009.0,
8,ALIEN: COVENANT,Alien Resurrection,ALIEN ,GWi7mWAZoy46VPAEAAADh,1997.0,
4,ALIEN: COVENANT,Ben 10: Alien Force,ALIEN ,GXboXTwerO6OqkAEAAAhq,2008.0,episode
3,ALIEN: COVENANT,Alien Endgame,ALIEN ,GZQsOkAelrQmpuQEAAAAI,2022.0,
1,ALIEN: COVENANT,AVP: Alien vs. Predator,ALIEN ,GWi7mlQAySI6VPAEAAAD2,2004.0,
0,ALIEN: COVENANT,Alien Autopsy,ALIEN ,GYULd7gaRowDDwwEAAAMS,2006.0,
2,ALIEN: COVENANT,Alien 3,ALIEN ,GWi7miwW1X8PDwwEAAADi,1992.0,
0,ANNA AND THE KING,Anna and the Apocalypse,ANNA AND,GYeh6wgLXoag4qQEAAAAn,2017.0,
0,AWAY FROM HER,Let's Run Away From Her,AWAY FROM HER,GYk5S1wfPLZd7sgEAAAAH,2010.0,
0,All Rise Season 1-2,All Rise,All Rise,GYXw9KgNCvINQEgEAAABH,2020.0,episode
8,Aya,Never-Ending Man: Hayao Miyazaki,Aya,GX_NFKQeFKLLDaQEAAAAN,2016.0,movie
16,Aya,Marlon Wayans: You Know What It Is,Aya,GYQmScwklrsJRmQEAAACG,2021.0,standalone
12,Aya,Maya the Bee - The Movie,Aya,GYk2p5gB-IsPDwgEAAAAr,2014.0,
9,Aya,Maya the Bee,Aya,GYnKUXQW5x7nCwgEAAAG5,2012.0,
17,Aya,"One Nation Under Dog: Stories of Fear, Loss & Betrayal",Aya,GVU4HSgylQ1FvjSoJAbK-,2012.0,movie
6,Aya,While Aya Was Sleeping,Aya,GYk4P8gLoFqTCwwEAAAAN,2016.0,
7,Aya,Maya the Bee: The Honey Games,Aya,GYlXkEgf4065owwEAAACZ,2018.0,
4,Aya,Betrayal at Attica,Aya,GYOyU3QVWRKfCNgEAAAeF,2021.0,movie
3,Aya,Marlon Wayans: God Loves Me,Aya,GY_NWrwrSw6XCwgEAAAI_,2023.0,standalone
2,Aya,The Wayans Bros.,Aya,GX_yGHgt75MLDQQEAAAAC,1998.0,episode
1,Aya,Cinema Sabaya,Aya,GZG0gqg7jiaXCwgEAAAs8,2021.0,
0,Aya,Mayans M.C.,Aya,GYSY16gSdrsLCwwEAAAKW,2019.0,
19,Aya,Marlon Wayans Presents: The Headliners,Aya,GYkWyigApiMPCFwEAAAAE,2022.0,standalone
110,BEN,PSV Eindhoven vs Benfica Lisbon,BEN,GYRaQYQCx85s7wgEAAAAX,2021.0,
111,BEN,Portuguesa vs São Bento,BEN,GZHj-jwIqKHSfmgEAAAzi,2023.0,
113,BEN,Ben 10: Race Against Time,BEN,GXp30rwT20Lq4SAEAAAKy,2007.0,movie
114,BEN,Ben-Hur,BEN,GZTFztgiicsJMRAEAABNy,2016.0,
115,BEN,Highlights: Benfica vs M. Haifa,BEN,GYw5x_gSjqhbDwwEAAAiP,2022.0,
116,BEN,Friends with Benefits,BEN,GYRsnmQN9v4jDwgEAAAQE,2011.0,
117,BEN,Highlights: Benfica vs Inter Milan,BEN,GZCsGQwrGonSfmgEAAAaP,2023.0,
106,BEN,Benito Juárez: The Defeat of an Empire,BEN,GZN2ZzAetp8PDCAEAAAAJ,2017.0,
124,BEN,Real Sociedad vs Benfica,BEN,GZRNObwpnJJaQVgEAAA-h,2023.0,
123,BEN,Benfica Lisbon vs FC Dynamo Kiev,BEN,GYvbGdwWhX3cpuQEAAAMZ,2022.0,
125,BEN,Highlights: Benfica vs Juventus,BEN,GY0SOZQtZr6wsLgEAAACM,2022.0,
126,BEN,Benfica Lisbon vs FC Dynamo Kiev,BEN,GYTDprAoPn3fDwwEAAAAg,2021.0,
129,BEN,Benfica vs Club Brugge,BEN,GZHj-NA6bZriWtQEAAAvz,2023.0,
130,BEN,The Curious Case of Benjamin Button,BEN,GXx92Vw2dk60MlAEAAAEf,2008.0,
120,BEN,FC Dynamo Kiev vs Benfica Lisbon,BEN,GYS0PBw8ZPyqXugEAAAAK,2021.0,
109,BEN,Highlights: Club Brugge vs Benfica,BEN,GY90yGgJsy6aHgQEAAA7O,2023.0,
122,BEN,The Newspaperman: The Life and Times of Ben Bradlee,BEN,GWeEKjA6v3sNcawEAAAHl,2017.0,movie
107,BEN,Highlights: Benfica vs Juventus,BEN,GY0SNcgwhEaq2wgEAAAB0,2022.0,
99,BEN,Highlights: Benfica vs Real Sociedad,BEN,GZSRKywqjisMrwwEAABFF,2023.0,
96,BEN,Benfica Lisbon vs Maccabi Haifa FC,BEN,GYwzd8QkRcq3CwwEAAAdm,2022.0,
88,BEN,Ben 10: Ultimate Alien,BEN,GXbC2_QGyS5GYoAEAAAOZ,2011.0,episode
89,BEN,PSV Eindhoven vs Benfica Lisbon,BEN,GYRZ0zQMLQps7wgEAAAAM,2021.0,
90,BEN,FC Barcelona vs Benfica Lisbon,BEN,GYS_ldwWulUq5qgEAAAHk,2021.0,
91,BEN,Benfica Lisbon vs Liverpool FC,BEN,GYjoxNwE3z6COpQEAAADN,2022.0,
92,BEN,Real Sociedad vs Benfica,BEN,GZRYI8gfLwcMrwwEAABAY,2023.0,
93,BEN,Benfica Lisbon vs FC Barcelona,BEN,GYS1LTQttZ7KGtQEAAAAD,2021.0,
94,BEN,Highlights: M. Haifa vs Benfica,BEN,GY0iFXAM7iJC_wwEAAADp,2022.0,
108,BEN,Benfica Lisbon vs FC Barcelona,BEN,GYS0vRgo1xsIvwgEAAAAE,2021.0,
131,BEN,M. Haifa vs Benfica,BEN,GZHj-Fg3BSsPCLwEAABoo,2023.0,
121,BEN,Benfica vs Inter Milan,BEN,GZBjA2QSKX8PDwgEAABHl,2023.0,
100,BEN,Highlights: Benfica vs PSG,BEN,GYyoNgAPWfMLDDgEAAAGl,2022.0,
101,BEN,Highlights: Portuguesa vs São Bento,BEN,GY872pQgAtKithAEAAAAC,2023.0,
102,BEN,Highlights: Benfica vs Club Brugge,BEN,GY903WQdj1LiWtQEAAAC4,2023.0,
103,BEN,Highlights: Benfica vs Red Bull Salzburg,BEN,GZP9bswgLdpaQVgEAAAs9,2023.0,
104,BEN,Club Brugge vs Benfica,BEN,GY4YQ-QTKNpfDVQEAAALV,2023.0,
105,BEN,Highlights: São Bento vs Bragantino,BEN,GY873kQPBNZfDVQEAAAzF,2023.0,
95,BEN,Benfica vs Club Brugge,BEN,GY4Edugdgva-1mgEAAAHo,2023.0,
132,BEN,Highlights: Dínamo de Kiev vs Benfica,BEN,GYvqnLAhHEwXCwgEAAAQk,2022.0,
167,BEN,The Benchwarmers,BEN,GYEZmpQPTw8M8sgEAAAAQ,2006.0,movie
134,BEN,Highlights: Benfica vs Club Brugge,BEN,GY9029AVEIK-1mgEAAA4G,2023.0,
159,BEN,Highlights: PSG vs Benfica,BEN,GYytlHgCUop6fiQEAAAF9,2022.0,
161,BEN,Benfica vs Inter Milan,BEN,GZBnkuQ1QXbDCLQEAAAT8,2023.0,
164,BEN,Inter Milan vs Benfica,BEN,GZHj6jAC0uMLCwgEAABmC,2023.0,
154,BEN,Benfica Lisbon vs Bayern Munich,BEN,GYS_P2g3aeZWLgQEAAAFX,2021.0,
165,BEN,Inter Milan vs Benfica,BEN,GZBnoTgnJXq-1mgEAABJy,2023.0,
166,BEN,The Last Airbender,BEN,GYXOcFgpv18JneQEAAAC1,2010.0,
156,BEN,Benfica vs Real Sociedad,BEN,GZQzAxw07gMMpwgEAAAAD,2023.0,
157,BEN,Bayern Munich vs Benfica Lisbon,BEN,GYS-rnAnIGMMkOQEAAACU,2021.0,
158,BEN,FC Dynamo Kiev vs Benfica Lisbon,BEN,GYS0RggytwLG4qQEAAAAC,2021.0,
170,BEN,Benfica vs PSG,BEN,GZHj5HQ2OubDCLQEAAAvY,2023.0,
171,BEN,Juventus Turin vs Benfica Lisbon,BEN,GYw0JjAVJGBbDwwEAAAgd,2022.0,
173,BEN,FC Barcelona vs Benfica Lisbon,BEN,GYTEvhQKuaA6bdgEAAAEG,2021.0,
174,BEN,Bend It Like Beckham,BEN,GWPUmWQ3xJZ2-hAEAAABU,2003.0,
87,BEN,Benfica vs Ajax,BEN,GZHj2bgqfHKd9XQEAAAvg,2023.0,
168,BEN,Benfica vs Juventus,BEN,GYzHMWQ08c6LDwwEAAAAX,2022.0,
152,BEN,Inter Milan vs Benfica,BEN,GZBjElQBYwE6aKQEAAATm,2023.0,
169,BEN,Liverpool FC vs Benfica Lisbon,BEN,GYjt0YQ6UXsPCDgEAAAAy,2022.0,
155,BEN,PSG vs Benfica,BEN,GYxJmuge-okTDwwEAAAlm,2022.0,
133,BEN,Liverpool FC vs Benfica Lisbon,BEN,GYjoGFASGUZI8cgEAAACm,2022.0,
153,BEN,Red Bull Salzburg vs Benfica,BEN,GZSm4qghxFJaQVgEAABLy,2023.0,
136,BEN,Benfica vs Inter Milan,BEN,GZHj9pglXt7GYsAEAAAu_,2023.0,
137,BEN,Benedetta,BEN,GY2jiLQFZjkthwgEAAAEp,2021.0,
138,BEN,Inter Milan vs Benfica,BEN,GZPtBEQnCO8JMRAEAAAps,2023.0,
139,BEN,Benfica Lisbon vs Liverpool FC,BEN,GYjntQwjKFa-njgEAAABY,2022.0,
140,BEN,The Curious Case of Benjamin Button,BEN,GYHoIpAVHfVWknAEAAADY,2008.0,
141,BEN,"Ruben Brandt, Collector",BEN,GYk3klAqqcbfCWgEAAARZ,2018.0,
142,BEN,Benfica Lisbon vs Bayern Munich,BEN,GYS7LEgCE95rDwgEAAAD9,2021.0,
135,BEN,Highlights: Dínamo de Kiev vs Benfica,BEN,GYvqm3AAMWa3CwwEAAAOy,2022.0,
143,BEN,Inter Milano vs Benfica,BEN,GZPo2DgtnLILCJwEAAApt,2023.0,
145,BEN,13 Hours: The Secret Soldiers of Benghazi,BEN,GYUAzEAxkgrjDYQEAAACw,2016.0,
146,BEN,Someone Had to Be Benny: Lifestories: Families in Crisis Special,BEN,GVq3SowzZfJPDD5oIAACd,1996.0,movie
147,BEN,Benny & Joon,BEN,GXioZZQhxDoCnrwEAAAGa,1993.0,
148,BEN,Ben 10: Secret Of The Omnitrix,BEN,GYKf2vARWDqXCwgEAAAAx,2007.0,
150,BEN,Pettson & Findus - Katten och gubbens år,BEN,GYWWSngKMxLygwwEAAADe,1999.0,
151,BEN,Bendita Champions y los 12 Apóstoles,BEN,GY2FqNQ1A2adWwgEAAABZ,2022.0,
149,BEN,Benidorm,BEN,GYW7lgwEwoMN8sAEAAABE,2021.0,
144,BEN,Benfica Lisbon vs Ajax Amsterdam,BEN,GYfg6pQjJ9YDDTAEAAABO,2022.0,
112,BEN,Highlights: Benfica vs Red Bull Salzburg,BEN,GZP9oJw3UjsMrwwEAAArE,2023.0,
54,BEN,Beneath the Surface,BEN,GYo2FLwDZgsIougEAAAAC,2021.0,
172,BEN,Adult Swim x Ben & Jerry’s Present Holy Calamavote,BEN,GX4pblgowjcPCwwEAAAQI,2020.0,
40,BEN,Benfica x Dínamo de Kiev,BEN,GYTI-iwD6MqaAowEAAAAJ,2021.0,
20,BEN,Highlights: Juventus vs Benfica,BEN,GYxtq_QY5apa8kAEAAArK,2022.0,
21,BEN,Highlights: Benfica vs PSG,BEN,GYyoGRw10Q8ISwwEAAAAD,2022.0,
22,BEN,Ajax Amsterdam vs Benfica Lisbon,BEN,GYfmEswS8wMPCwwEAAABi,2022.0,
23,BEN,FC Dynamo Kiev vs Benfica Lisbon,BEN,GYvamlQbe8UTDwwEAAAMT,2022.0,
24,BEN,A West Wing Special To Benefit When We All Vote,BEN,GX4YOrQsIwGNViQEAAAGH,2020.0,standalone
26,BEN,Ben 10,BEN,GXmmNFAzEJyLCHAEAACDB,2006.0,episode
29,BEN,Highlights: São Bento vs Guarani,BEN,GY87u2wh5AcLCwgEAAAwP,2023.0,
84,BEN,Benfica Lisbon vs FC Dynamo Kiev,BEN,GYvaxOgRwJXcpuQEAAAMX,2022.0,
27,BEN,M. Haifa vs Benfica,BEN,GYzHv-A1j7JDDwgEAAABi,2022.0,
30,BEN,Benfica vs PSG,BEN,GYxEd9QtAdMLDwwEAAAAG,2022.0,
31,BEN,EC Sao Bento SP vs Guarani FC SP,BEN,GY7XrsQiA_JSgigEAAAlJ,2023.0,
32,BEN,Private Benjamin,BEN,GXmZz8QjLAyLCHAEAABkH,1980.0,movie
33,BEN,Highlights: Benfica vs Dynamo Kyiv,BEN,GYwA_iwfOycIYnAEAAAAD,2022.0,
34,BEN,Ajax vs Benfica,BEN,GZHjx8gkTrMPCLwEAABoA,2023.0,
35,BEN,Benfica vs Real Sociedad,BEN,GZRM9_QFB-sMrwwEAAA7Q,2023.0,
19,BEN,Benfica vs Inter Milan,BEN,GZRSMrgYn61PCGAEAAAAC,2023.0,
15,BEN,Benny's Video,BEN,GYgKtTgswhcMNwgEAAAKh,1992.0,movie
8,BEN,FC Dynamo Kiev vs Benfica Lisbon,BEN,GYvamaAad2QXCwgEAAAN7,2022.0,
36,BEN,Adult Swim x Ben & Jerrys Present Holy Calamavote - A Special Performance by Run The Jewels Trailer,BEN,GX4dsWAbKOcPCwwEAAAHq,2020.0,
38,BEN,Adult Swim x Ben & Jerrys Present Holy Calamavote - A Special Performance by Run The Jewels Trailer,BEN,GX4cg1gJMA8PCdwEAAAHE,2020.0,
16,BEN,EC Sao Bento SP vs Red Bull Bragantino SP,BEN,GY7XzZAuifsPDwgEAAAjX,2023.0,
0,BEN,Ben 10: Omniverse,BEN,GXmmNlAJRF8NVoAEAAAVy,2013.0,episode
2,BEN,What Lies Beneath,BEN,GYsxB6QaolcNewgEAAAWs,2000.0,movie
3,BEN,Yo No Me Llamo Ruben Blades (Ruben Blades is Not My Name),BEN,GXH7kygM9GcPCwwEAAABw,2019.0,
4,BEN,Benfica Lisbon vs Maccabi Haifa FC,BEN,GYwz0pwqPOcN_swEAAAAV,2022.0,
5,BEN,Juventus vs Benfica,BEN,GZHj7ywYkBMLCwwEAABsA,2023.0,
6,BEN,Highlights: Inter Milan vs Benfica,BEN,GZCyHHgS5QsPCLwEAABRX,2023.0,
28,BEN,Highlights: Benfica vs M. Haifa,BEN,GYw5yMAE8gXcpuQEAAAhk,2022.0,
9,BEN,All About the Benjamins,BEN,GYGX9VgdMKsLCXwEAAAA2,2002.0,
10,BEN,Benfica Lisbon vs PSV Eindhoven,BEN,GYRWdaAWoLcPDRAEAAABq,2021.0,
11,BEN,Happy to Be Home With the Benkos,BEN,GZCHKEQ4758LCwwEAABPT,2023.0,
12,BEN,M. Haifa vs Benfica,BEN,GYzHt3gE5HJDDwgEAAABe,2022.0,
13,BEN,Highlights: Club Brugge vs Benfica,BEN,GY90ybwLIvLiWtQEAAACy,2023.0,
14,BEN,Associacao Portuguesa de Desportos SP vs EC Sao Bento SP,BEN,GY7Xx_gWpHsPCLwEAAAmk,2023.0,
85,BEN,Benfica Lisbon vs Juventus Turin,BEN,GYzHEYgrRbHe0wwEAAAAe,2022.0,
17,BEN,Club Brugge vs Benfica,BEN,GZHj9WwkJRFK9vQEAAAR3,2023.0,
7,BEN,Highlights: Juventus vs Benfica,BEN,GYxtn0gI2HMJboAEAAAtp,2022.0,
52,BEN,Benfica vs Dynamo Kyiv,BEN,GZHj-hQL5YaXCwgEAAAw9,2023.0,
1,BEN,Ben 10 Challenge,BEN,GYWWIIw1ld8JqkAEAAADm,2017.0,
43,BEN,Ben-Hur,BEN,GXjS6HAippZPCwgEAAATg,1959.0,movie
68,BEN,São Bento vs Guarani,BEN,GZHj9zg8MM3SfmgEAAAzL,2023.0,
69,BEN,PSG vs Benfica,BEN,GZHj6jAu_x0G9tAEAABqp,2023.0,
70,BEN,Ajax Amsterdam vs Benfica Lisbon,BEN,GYfl-rgtNJsPCBQEAAAF9,2022.0,
71,BEN,Benfica Lisbon vs Paris Saint-Germain,BEN,GYyiLNwJ3McLCwwEAAAAv,2022.0,
72,BEN,Benfica vs Juventus,BEN,GZHj-hQfKRnSfmgEAAAzg,2023.0,
73,BEN,Club Brugge vs Benfica,BEN,GY4EcAw3SUMPDwwEAAAAC,2023.0,
64,BEN,Highlights: PSG vs Benfica,BEN,GYytiTAwHtsLCwwEAAAGn,2022.0,
67,BEN,Ben 10: Ben Gen 10,BEN,GYRTEEAt7uMPDTgEAAAAT,2020.0,
74,BEN,Benediction,BEN,GY3TCWwNSegnCZwEAAAB9,2021.0,
79,BEN,Highlights: Benfica vs Inter Milan,BEN,GZCsF4wzCawnCZwEAABTr,2023.0,
80,BEN,Highlights: Benfica vs Dynamo Kyiv,BEN,GYwA9eQWF6FiCmwEAAAW7,2022.0,
81,BEN,Highlights: Inter Milan vs Benfica,BEN,GZQix2wL_oJaQVgEAAA33,2023.0,
82,BEN,São Bento vs Bragantino,BEN,GZHkA3gdOZDg9qgEAAAAC,2023.0,
83,BEN,Highlights: M. Haifa vs Benfica,BEN,GY0iViwLGf7qYkwEAAADp,2022.0,
41,BEN,Benfica vs Inter Milan,BEN,GZSBQPw5Sv8J2ugEAAAAD,2023.0,
18,BEN,Highlights: Inter Milan vs Benfica,BEN,GZQjLpQkYB4LCJwEAAA4f,2023.0,
76,BEN,Ben 10,BEN,GXaUfiAsLdZ3DGQEAAACj,2016.0,episode
42,BEN,Beneath the Planet of the Apes,BEN,GXza5awoeIUvDbQEAAANE,1970.0,
86,BEN,Juventus Turin vs Benfica Lisbon,BEN,GYw0CaQQ01RbDwwEAAAgV,2022.0,
62,BEN,Benfica vs RB Salzburg,BEN,GZPY8hgWpiLqspgEAAAjx,2023.0,
44,BEN,Paris Saint-Germain vs Benfica Lisbon,BEN,GYyiVaQhwZoOEtAEAAADq,2022.0,
46,BEN,Benfica vs Liverpool,BEN,GZHj-wQP8D8LCwwEAABsY,2023.0,
47,BEN,Benfica Lisbon vs Ajax Amsterdam,BEN,GYflOfgDBRLM_mgEAAADT,2022.0,
48,BEN,Hellbenders,BEN,GYDZomwdWMrilgwEAAAAD,2013.0,
75,BEN,Ben Is Back,BEN,GYGiRPAHvQYshwgEAAAB3,2018.0,standalone
49,BEN,Highlights: Benfica vs Real Sociedad,BEN,GZSRKJgI0o8MrwwEAABFD,2023.0,
60,BEN,Benfica Lisbon vs PSV Eindhoven,BEN,GYRZ1UAOjnsI8CQEAAAAC,2021.0,
50,BEN,Benjamin the Elephant,BEN,GYk2XJAfOy8JmmwEAAAGi,2019.0,
45,BEN,Benfica vs M. Haifa,BEN,GZHj7WAOV7UG9tAEAABqv,2023.0,
53,BEN,Dynamo Kyiv vs Benfica,BEN,GZHj-IA7dGcLCwgEAABmW,2023.0,
55,BEN,Ben 10 Vs. The Universe: The Movie,BEN,GYJrQfQ7AJ8PCwwEAAABT,2020.0,
57,BEN,Highlights: Inter Milan vs Benfica,BEN,GZCyHOADttqKZwgEAAAar,2023.0,
58,BEN,Benfica vs Red Bull Salzburg,BEN,GZPe1WA37ZYLCJwEAAAlW,2023.0,
59,BEN,Bayern Munich vs Benfica Lisbon,BEN,GYS_edglbj629TgEAAAAE,2021.0,
66,BEN,Liverpool vs Benfica,BEN,GZHj_TQ8zuZOmPwEAAAwU,2023.0,
61,BEN,Benfica vs Liverpool,BEN,GZIgp-QThBpOmPwEAAA0v,2023.0,
63,BEN,"Ben 10: Ben 10,010",BEN,GYN9DxAye6JdUEAEAAAAC,2020.0,
51,BEN,Benfica vs Club Brugge,BEN,GY4lM_wiulUG9tAEAAAOf,2023.0,
0,BRADDOCK: MISSING IN ACTION III,Missing in Action 2 - The Beginning,MISSING IN ACTION ,GXrmgHgGkcJkiiwEAAAO6,1985.0,
4,BROOKLYN,Motherless Brooklyn,BROOKLYN,GXrR0JArE6Y5awgEAAAMQ,2019.0,
6,BROOKLYN,Yusuf Hawkins: Storm Over Brooklyn,BROOKLYN,GXw4KvQYzncPDwgEAAAeE,2020.0,movie
5,BROOKLYN,Once Upon a Time in Brooklyn,BROOKLYN,GYN48mgoL2acnrwEAAAIL,2013.0,
3,BROOKLYN,Brooklyn's Finest,BROOKLYN,GYgqPYgvRNlpXwgEAAAb8,2010.0,
1,BROOKLYN,Once Upon a Time in Brooklyn,BROOKLYN,GYgrYJQs-_b5mkAEAAAlF,2022.0,movie
2,BROOKLYN,Vampire in Brooklyn,BROOKLYN,GX07eBg74_HOVpQEAAAGA,1995.0,movie
0,BROOKLYN,The Angriest Man in Brooklyn,BROOKLYN,GXzaoBgI0VEvDbQEAAAKj,2014.0,
0,"NEXT KARATE KID, THE",The Next Karate Kid,NEXT KARATE KID,GYvoffQM0U5a8kAEAAALp,1994.0,
0,"NIGHT IS SHORT, WALK ON GIRL","The Night Is Short, Walk on Girl (Japanese Audio)",NIGHT IS short,GX_OSgQ6rwMLDwwEAAAAQ,2017.0,movie
0,NINE LIVES,Nine Lives,NINE LIVES,GYF44iwbcroTCwgEAAAOX,2016.0,
0,NO SE ACEPTAN DEVOLUCIONES AKA INSTRUCTIONS NOT INCLUDED,No Se Aceptan Devoluciones (Instructions Not Included),NO SE,GYBNWEA8UUIYUkAEAAABF,2013.0,
0,NORM OF THE NORTH,Norm of the North: King Sized Adventure,NORM OF,GX_TA3AZC7MM6gQEAAAAD,2019.0,
1,NORM OF THE NORTH,Norm of the North,NORM OF,GYF46Cgyohk3CbgEAAAAv,2016.0,
0,NOTES ON A SCANDAL,Notes on a Scandal,NOTES ON,GZUJrWgwCN62nYwEAAAAN,2006.0,
0,NUESTRAS MADRES (AKA OUR MOTHERS),Nuestras Madres (Our Mothers),NUESTRAS MADRES,GYBNWQwANoqsjwwEAAABE,2021.0,
0,NYC Epicenters 9/11,NYC Epicenters 9/11 -> 2021 1/2,NYC Epicenters 9/11,GYRLKMAyW-LSswwEAAADB,2021.0,episode
3,Nancy Drew Season 1,Nancy Drew,Nancy Drew,GXmbKrgQbFTC3wwEAACzx,2007.0,movie
1,Nancy Drew Season 1,Nancy Drew and the Hidden Staircase,Nancy Drew,GXTowEwrflJ5llQEAAGSU,2019.0,
0,Nancy Drew Season 1,Nancy Drew,Nancy Drew,GXrGR8gCbgSZGXgEAAABM,2022.0,
7,Nancy Drew Season 1,Nancy Drew and the Hidden Staircase,Nancy Drew,GYfwXjw7YK8PCWgEAAACw,2019.0,movie
0,Nathan For You ,Nathan for You,Nathan For You,GX3UHzAJKPxmDbAEAAAH-,2015.0,episode
0,"Nativity Story, The",The Nativity Story,Nativity Story,GYIHuqwskIZ2TjQEAAAE5,2006.0,
0,Nausica� of the Valley of the Wind,Nausicaa of the Valley of the Wind (Japanese Audio),Valley of the Wind,GXrHVaQyRPXUYOAEAAABO,1984.0,movie
0,Navalny (CNN),Navalny,Navalny,GYmFp9ATv1JSBmwEAAACW,2022.0,movie
0,Needful Things,Stephen King's Needful Things,Needful Things,GX4iJ6Qt5fMPCdwEAAALs,1993.0,
0,"Neverending Story II: The Next Chapter, The",The Neverending Story,Neverending Story,GXrHtWA2beYmBSgEAAACU,1984.0,
2,"Neverending Story II: The Next Chapter, The",The NeverEnding Story II: The Next Chapter,Neverending Story,GX-IvzgXGbcIdmgEAAACk,1991.0,movie
1,"Neverending Story II: The Next Chapter, The",The Neverending Story II: The Next Chapter,Neverending Story,GXr7ArAnlf4nDHQEAAAJ2,1991.0,
12,"New Adventures of Old Christine, The",Caillou's New Adventures,New Adventures,GYXLDrwonKXWiLwEAAAC8,2021.0,
0,New Looney Tunes Show (aka Wabbit),New Looney Tunes,New Looney,GXtqz7QCD4MPCwgEAAAan,2016.0,episode
0,"Next Step, The - S5-S7 - HBOMax - K&F",The Next Step,Next Step,GYk8PBw9At5vCwgEAAADK,2018.0,
4,"Nightmare On Elm Street 2: Freddy's Revenge, A",A Nightmare on Elm Street Part 2: Freddy's Revenge,Nightmare On,GXd7maQOMU7PDfgEAAAV9,1985.0,movie
3,"Nightmare On Elm Street 2: Freddy's Revenge, A",A Nightmare on Elm Street,Nightmare On,GXehMOwXZKkytlAEAAARE,2010.0,movie
5,"Nightmare On Elm Street 2: Freddy's Revenge, A",A Nightmare on Elm Street 5: The Dream Child,Nightmare On,GXdu2VwnnXJuAuwEAADau,1989.0,movie
2,"Nightmare On Elm Street 2: Freddy's Revenge, A",A Nightmare on Elm Street 3: Dream Warriors,Nightmare On,GXd7nFQM2XJuAuwEAADwA,1987.0,movie
0,"Nightmare On Elm Street 2: Freddy's Revenge, A",A Nightmare on Elm Street 4: The Dream Master,Nightmare On,GXd7mnAOklsPCwwEAADwc,1988.0,movie
1,"Nightmare On Elm Street 2: Freddy's Revenge, A",A Nightmare on Elm Street,Nightmare On,GXrnLcQzKrR8GwgEAAAAW,1984.0,movie
0,Nikki Glaser Special 2,Nikki Glaser: Good Clean Filth,Nikki Glaser,GYrtbnwOx9MLCUgEAAAJl,2022.0,standalone
1,Nikki Glaser Special 2,Nikki Glaser: Good Clean Filth,Nikki Glaser,GYrr0uwe_74ciwgEAAAAC,2022.0,
0,"Nineties, The",The Nineties,Nineties,GXmbTFgma-54_wwEAACwG,2017.0,
1,"Nineties, The",Belle of the Nineties,Nineties,GY9ZQJg2HlKaHgQEAAA4r,1934.0,
0,"Nitwits, The",The Nitwits,Nitwits,GYuMHxQF5QHmangEAABCQ,1935.0,
1,No Country For Old Men (Syndi),No Country for Old Men,No Country,GX9uU9QQ4tpN3GwEAAAGk,2007.0,
0,No Country For Old Men (Syndi),No Country for Old Men,No Country,GYXEIsATvvIJQuwEAAAFB,2007.0,movie
0,"Notebook, The",The Notebook,Notebook,GX-nzMw1oyZHDwwEAAAN3,2004.0,movie
0,Nothing Sacred (Classic),Nothing Sacred,Nothing Sacred,GX2JKywacHsIkhQEAAABi,1937.0,
6,"Nun, The (2018)",The Nun,Nun,GXF31RgX3asPDwgEAAAB2,2018.0,
0,"Nun, The (2018)",The Singing Nun,Nun,GXjS6IA1kQo7CZgEAAAY7,1966.0,
1,"Nun, The (2018)",NuNi,Nun,GZEfxHgWAelK9vQEAAACi,2018.0,
2,"Nun, The (2018)",The Portuguese Nun,Nun,GYe9lwgAx8pyswgEAAABp,2009.0,
3,"Nun, The (2018)",The Nun's Story,Nun,GXjr8RwPjyo7CZgEAAA-0,1959.0,movie
4,"Nun, The (2018)",The Nun II,Nun,GZTKOCQZLqcJMRAEAABPK,2023.0,
5,"Nun, The (2018)",The Nun,Nun,GYJxoQQXAXZqpgQEAAAA3,2018.0,movie
8,"Nun, The (2018)",The Nun II,Nun,GZNuevgZakcMrwwEAAAMd,2023.0,movie
0,"O.C., The",The O.C.,O.C.,GXd24ggvmxLPDfgEAAACM,2006.0,episode
0,OBSESSED (2009),Obsessed,OBSESSED,GYbJ3_QJnsbunwgEAAAEu,2009.0,
0,"OFFICER AND A GENTLEMAN, AN",An Officer and A Spy,OFFICER AND,GYk1-lQXYEMJmmwEAAAEf,2019.0,
1,"OFFICER AND A GENTLEMAN, AN",An Officer and a Gentleman,OFFICER AND,GXrRnUQdk5MJwwwEAAAAC,1982.0,movie
0,ON CHESIL BEACH,On Chesil Beach,ON CHESIL BEACH,GYW2kBQg0Pr3CUwEAAAAR,2017.0,
1,ON HER MAJESTYS SECRET SERVICE,Asterix and Obelix: On Her Majesty's Service,ON HER,GYwh3Wg0yDcM0mwEAAAAC,2012.0,
0,ON HER MAJESTYS SECRET SERVICE,On Her Majesty's Secret Service,ON HER,GYk-BPw1X87GPHAEAAACA,1969.0,
3,ON HER MAJESTYS SECRET SERVICE,Last Action Hero,ON HER,GYN9PMQDWcH-JTwEAAAAF,1993.0,
2,ON HER MAJESTYS SECRET SERVICE,To Gillian on Her 37th Birthday,ON HER,GYF5E4AZo8G6-wgEAAAS2,1996.0,
0,ONE CHANCE,One Chance,ONE CHANCE,GYuFHzQUGjXmangEAAA8N,2013.0,
0,ONE WAY OR ANOTHER 01:,One Way or Another,ONE WAY,GX3TEiA2gIxmDbAEAAAGu,2020.0,
1,ONE WAY OR ANOTHER 01:,One Way,ONE WAY,GY1v0_QL9M7iSKwEAAAAr,2022.0,
1,OPEN SEASON (2006),Open Season,OPEN SEASON,GYXtakAQlz4G_sAEAAAA6,2006.0,
0,OPEN SEASON (2006),Open Season 2,OPEN SEASON,GYrRg_QpqGat_wwEAAAAC,2009.0,
0,OPEN WATER 3: CAGE DIVE,Open Water,OPEN WATER,GXfkxiQiIwUytlAEAAA31,2003.0,
1,OPEN WATER 3: CAGE DIVE,Open Water 2: Adrift,OPEN WATER,GXfk1zAXveDzCHAEAAAEB,2020.0,
0,ORDINARY LOVE,Ordinary Love,ORDINARY LOVE,GYhzMhQdyrqGZqgEAAABH,2020.0,movie
0,"OTHER GUYS, THE",The Other Guys,OTHER GUYS,GYxkOvA24gFiCmwEAAAti,2009.0,
1,OUIJA 2,Ouija,OUIJA,GYYCgIQThE8JvwwEAAAAR,2014.0,
2,OUIJA 2,Ouija: Origin of Evil,OUIJA,GWi7pUggdgcPDwwEAAAD8,2016.0,
0,OUIJA 2,Ouija: Origin Of Evil,OUIJA,GZP-rmgQiG7bCAgEAAAAI,2016.0,
0,OUR KIND OF TRAITOR,Our Kind of Traitor,OUR KIND,GYGiR_gc2AoshwgEAAAC5,2016.0,
0,OUT OF SIGHT,Out of Sight,OUT OF SIGHT,GYnGRhgoO2I_CGAEAAACw,2022.0,
8,OUT OF THE FURNACE,Out of Context,OUT OF,GYgHbegJ3dq3COgEAAAFr,2019.0,
3,OUT OF THE FURNACE,Out of Time,OUT OF,GZKYadwGVZ8JxiQEAAAAH,2003.0,movie
11,OUT OF THE FURNACE,Out of Their Skin,OUT OF,GZH9cVgP0J7DCLQEAAAxX,2018.0,
10,OUT OF THE FURNACE,She's Out Of Control,OUT OF,GYk8v9gQdLXDDwgEAAAAE,1989.0,
9,OUT OF THE FURNACE,Teenage Mutant Ninja Turtles: Out of the Shadows,OUT OF,GYSVMMQSoO7uZiQEAAAAI,2016.0,
7,OUT OF THE FURNACE,Out of Tune,OUT OF,GYaZusAk46FEcwwEAAAAp,2019.0,
2,OUT OF THE FURNACE,Out Of Blue,OUT OF,GYDJ26A1o5MMxqAEAAAAC,2018.0,
0,OUT OF THE FURNACE,Out of the Furnace,OUT OF,GYk11kQtUeg7DwgEAAAAE,2013.0,movie
6,OUT OF THE FURNACE,Out of Africa,OUT OF,GXRtqFAzf25VLqQEAAACv,1985.0,
13,OUT OF THE FURNACE,Out of the Cradle,OUT OF,GXrmU-Qzo2sLCcAEAAAKK,2018.0,
5,OUT OF THE FURNACE,The Spongebob Movie: Sponge Out of Water,OUT OF,GYYGQIw4UR8NggwEAAAC0,2015.0,
12,OUT OF THE FURNACE,She's Out of My League,OUT OF,GWl5e-wAngIbDRgEAAACA,2010.0,
1,OUT OF THE FURNACE,Out of the Past,OUT OF,GYGQNfga9_oCyugEAAAAO,1947.0,movie
5,Odo - Season 1 (1/2),Dynamo Zagreb vs Bodo Glimt,Odo,GZHj9zgMg86d9XQEAAAv2,2023.0,
4,Odo - Season 1 (1/2),GNK Dinamo Zagreb vs Bodoe/Glimt,Odo,GYvavrw4dM8JboAEAAAMz,2022.0,
6,Odo - Season 1 (1/2),Thomas & Friends: Race For The Sodor Cup,Odo,GYhqbMwpomcJUrQEAAAAs,2021.0,
1,Odo - Season 1 (1/2),EL METODO,Odo,GYULc9AMjIYaljwEAAAMi,2005.0,
8,Odo - Season 1 (1/2),Bodo Glimt vs Dynamo Zagreb,Odo,GZHj7tQpcicLCwwEAABr_,2023.0,
7,Odo - Season 1 (1/2),Todos lo hacen,Odo,GY_5_FwhA_8LCwwEAABD5,2022.0,
2,Odo - Season 1 (1/2),Odo,Odo,GYYLNNwzuqL64wwEAAAEK,2021.0,
3,Odo - Season 1 (1/2),Highlights: Bodo Glimt vs Dínamo Zagreb,Odo,GYvqcDwNmrK3CwwEAAAOw,2022.0,
11,Odo - Season 1 (1/2),Dodo,Odo,GYh1oKQt448LCwwEAAACJ,2021.0,
15,Odo - Season 1 (1/2),Theodosia,Odo,GYgVbBgTKRVpXwgEAAADS,2022.0,
9,Odo - Season 1 (1/2),Highlights: Bodo Glimt vs Dínamo Zagreb,Odo,GYvqcggRuJMJboAEAAAO1,2022.0,
10,Odo - Season 1 (1/2),Bodoe/Glimt vs GNK Dinamo Zagreb,Odo,GYvaaOwDBkrTCKgEAAAMK,2022.0,
16,Odo - Season 1 (1/2),Highlights: Dinamo Zagreb vs Bodo Glimt,Odo,GYwO7CwtefhEHXQEAAAWj,2022.0,
13,Odo - Season 1 (1/2),GNK Dinamo Zagreb vs Bodoe/Glimt,Odo,GYvbM1QN6RhEHXQEAAAL6,2022.0,
12,Odo - Season 1 (1/2),Bodoe/Glimt vs GNK Dinamo Zagreb,Odo,GYvaiuAg1hFiCmwEAAANY,2022.0,
0,Odo - Season 1 (1/2),Highlights: Dinamo Zagreb vs Bodo Glimt,Odo,GYwO79g1vfUTDwwEAAAWu,2022.0,
0,Off the Air S10,Off the Air,Off the,GXupEYgbzZQq_tgEAAADI,2016.0,episode
11,Off the Air S10,Love Off The Grid,Off the,GY9GgAgx8sQnCZwEAAA3h,2022.0,
13,"Office, The: Series 01",Office Space,Office,GY8bQowGFfAnCZwEAAAwB,1999.0,movie
5,"Office, The: Series 01",Officer Down,Office,GYF47AAXXR5ufbwEAAAAD,2013.0,
2,"Office, The: Series 01",Head Office,Office,GVYEcRAOU1YqLlS8JABhQ,1986.0,
0,"Office, The: Series 01",Office Christmas Party,Office,GYb4dvQXyvqq0dgEAAAAE,2016.0,
3,"Office, The: Series 01",The Office (UK),Office,GXouNRgxwy8PDIgEAAAuY,2003.0,
1,"Office, The: Series 01",The Office,Office,GYRsKbA3gmIjDwgEAAAMH,2008.0,
0,"Oklahoma Kid, The",The Oklahoma Kid,Oklahoma Kid,GYuMIKgb3nIanwgEAAAAr,1939.0,
0,"Omega Man, The",The Omega Man,Omega Man,GX5NuAwzG5Z2ywgEAAADM,1971.0,movie
27,On The Trail Inside the 2020 Primaries (CNN),On the Trail: Inside the 2020 Primaries,On The,GXyBqMwsBScPCwgEAAAAC,2020.0,movie
34,On The Trail Inside the 2020 Primaries (CNN),Death on the Nile,On The,GYipQZAsSX62ztwEAAAK2,2022.0,movie
35,On The Trail Inside the 2020 Primaries (CNN),Doraemon The Movie: Nobita and the Birth of Japan,On The,GYWaviA36hpGrwgEAAAAw,2016.0,
48,On The Trail Inside the 2020 Primaries (CNN),Zenon The Farmer,On The,GYcSZ9gNr8pKxggEAAAB1,2021.0,
37,On The Trail Inside the 2020 Primaries (CNN),Eyes on the Prize: Hallowed Ground,On The,GYQ1PRAGVlcLCJwEAAAA9,2021.0,movie
39,On The Trail Inside the 2020 Primaries (CNN),We Summon The Darkness,On The,GYcyoMwfON2qtggEAAAJk,2019.0,
40,On The Trail Inside the 2020 Primaries (CNN),Steam on the River,On The,GYk2QpgqLK8LCOgEAAAA1,2015.0,
41,On The Trail Inside the 2020 Primaries (CNN),En El Septimo Dia (On the Seventh Day),On The,GW89D3Ath07qukAEAAAMS,2018.0,
42,On The Trail Inside the 2020 Primaries (CNN),Migrations: Herds on the Move,On The,GYK6oHwloc8LCwgEAAAAV,2020.0,
43,On The Trail Inside the 2020 Primaries (CNN),Romance on the High Seas,On The,GXpCKZwbw7QwlRQEAAAHB,1948.0,movie
44,On The Trail Inside the 2020 Primaries (CNN),Get on the Bus,On The,GYF5RPgEcPAaavQEAAAN-,1996.0,
63,On The Trail Inside the 2020 Primaries (CNN),Mannequin Two: On the Move,On The,GY7cT0Qe5rcLCwgEAAAkK,1991.0,movie
36,On The Trail Inside the 2020 Primaries (CNN),On The Clouds,On The,GY1vN-we02MLCXQEAAAAN,2022.0,
51,On The Trail Inside the 2020 Primaries (CNN),On the Town,On The,GX3Uk5Q87raHCwwEAAAJ1,1949.0,movie
52,On The Trail Inside the 2020 Primaries (CNN),On the Record,On The,GXrw_sA07SZGXWQEAAADb,2020.0,movie
53,On The Trail Inside the 2020 Primaries (CNN),Arthur 2: On the Rocks,On The,GV4kAgQRu4ZtBaQEAAAAE,1988.0,
54,On The Trail Inside the 2020 Primaries (CNN),Murder on the Orient Express,On The,GWyk5aApFXpl7wgEAAAFw,2017.0,
56,On The Trail Inside the 2020 Primaries (CNN),Pippi's Adventure on the South Seas,On The,GYVlCZAgl9xKAwgEAAAEn,1999.0,
57,On The Trail Inside the 2020 Primaries (CNN),Moscow on the Hudson,On The,GYF42IQ826QaavQEAAADP,1984.0,
50,On The Trail Inside the 2020 Primaries (CNN),On the 3rd Day,On The,GYw0g_wFJ9MJboAEAAAfJ,2021.0,
60,On The Trail Inside the 2020 Primaries (CNN),Kids on the Slope,On The,GYlA-yQpz_raGEAEAAAAa,2012.0,
61,On The Trail Inside the 2020 Primaries (CNN),On the Outside,On The,GYk2Vrg2-bhqgowEAAAAH,2011.0,
62,On The Trail Inside the 2020 Primaries (CNN),The Girl On The Train,On The,GYW2kPwjqcqbDbQEAAAAa,2016.0,
64,On The Trail Inside the 2020 Primaries (CNN),The Moon's Spell On The Great Barrier Reef,On The,GXrBXYQAr0kKuqwEAAAcq,2014.0,
49,On The Trail Inside the 2020 Primaries (CNN),On the Basis of Sex,On The,GYF47Hg7YbE3CbgEAAABD,2018.0,
33,On The Trail Inside the 2020 Primaries (CNN),On the Road,On The,GYRVqRQoIFcJywwEAAAAC,2012.0,
45,On The Trail Inside the 2020 Primaries (CNN),The Last House on the Left,On The,GWqvQQAZMtqaHhAEAAACW,2009.0,
58,On The Trail Inside the 2020 Primaries (CNN),Murder on the Orient Express,On The,GXrxVKANEvrGGtAEAAAAz,1974.0,
21,On The Trail Inside the 2020 Primaries (CNN),Blood on the Moon,On The,GYS6oPwGKdsICYAEAAABh,1948.0,
16,On The Trail Inside the 2020 Primaries (CNN),On the Waterfront,On The,GZQCVTAZ2lpaQVgEAAAuc,1954.0,
29,On The Trail Inside the 2020 Primaries (CNN),Eyes on the Prize,On The,GYNJYNA5jwRI3wgEAAAAD,1987.0,episode
30,On The Trail Inside the 2020 Primaries (CNN),50 or Two Whales Meet on the Beach,On The,GY9CXYgdDiq-1mgEAAAzi,2020.0,
47,On The Trail Inside the 2020 Primaries (CNN),Go Tell it on the Mountain,On The,GXTojhww0RZ5llQEAAGQ3,2004.0,
13,On The Trail Inside the 2020 Primaries (CNN),Dancing on the Volcano,On The,GYk2FJwpN_MJ5gAEAAAAM,2014.0,
5,On The Trail Inside the 2020 Primaries (CNN),The Bridge on the River Kwai,On The,GYVNlNwqHy8NWwwEAAABm,1957.0,movie
7,On The Trail Inside the 2020 Primaries (CNN),Life on the Line,On The,GXadrGQNafMMcQQEAAALF,2019.0,
8,On The Trail Inside the 2020 Primaries (CNN),Christmas on the Farm,On The,GY3TIuQpqV8PDwgEAAAAe,2021.0,
9,On The Trail Inside the 2020 Primaries (CNN),On the Roof,On The,GYk3IuQq0SrfCWgEAAANH,2019.0,
10,On The Trail Inside the 2020 Primaries (CNN),On the Waterfront,On The,GYjUhWwAp9sPCwgEAAADT,1954.0,
11,On The Trail Inside the 2020 Primaries (CNN),On the Milky Road,On The,GYU1lpwMU9gs7swEAAAEG,2016.0,
12,On The Trail Inside the 2020 Primaries (CNN),City on the River,On The,GYvrjswhmdQXCwgEAAAQ0,2020.0,
2,On The Trail Inside the 2020 Primaries (CNN),Back On The Record With Bob Costas,On The,GYOykUABM3sPDwgEAAAe6,2021.0,episode
3,On The Trail Inside the 2020 Primaries (CNN),On the Job,On The,GYcI6cAUIBI-qwgEAAAAb,2021.0,episode
1,On The Trail Inside the 2020 Primaries (CNN),Billy on the Street,On The,GYJBZjA7MkIucwwEAAABU,2014.0,episode
26,On The Trail Inside the 2020 Primaries (CNN),Zenon The Farmer,On The,GYdZV4w54_2-jkwEAAAAw,2021.0,
25,On The Trail Inside the 2020 Primaries (CNN),On the Spectrum,On The,GYEqUUgiU7GvCXQEAAAAU,2018.0,episode
24,On The Trail Inside the 2020 Primaries (CNN),Outside the Bubble: On the Road With Alexandra Pelosi,On The,GW7KHJwUglwXCwgEAAAIG,2018.0,movie
23,On The Trail Inside the 2020 Primaries (CNN),Juror Number 5: 58 Days of Duty on the O.J. Simpson Civil Trial,On The,GYMpAoQyDlFZmXgEAAAAK,1999.0,
22,On The Trail Inside the 2020 Primaries (CNN),"Zenon The Farmer, Bartolito: A feathered adventure",On The,GYsXXbg3qyr3CaQEAAAIA,2022.0,
46,On The Trail Inside the 2020 Primaries (CNN),Doraemon the Hero,On The,GYWaz5QTbccIgwgEAAABX,2009.0,
15,On The Trail Inside the 2020 Primaries (CNN),On the Tee,On The,GZRNcLAU0a8MrwwEAAA9R,2023.0,
20,On The Trail Inside the 2020 Primaries (CNN),On the Trail: Trailer,On The,GXyCLqAWZh8PCKAEAAALA,2020.0,
19,On The Trail Inside the 2020 Primaries (CNN),Mutiny on the Bounty,On The,GX07ZOALuv4aMwgEAAAFq,1935.0,movie
18,On The Trail Inside the 2020 Primaries (CNN),On the Quiet,On The,GZG3oxgz9-KKZwgEAAAu-,2019.0,
17,On The Trail Inside the 2020 Primaries (CNN),SmartLess: On the Road,On The,GZF6yrgQZl06CswEAAACk,2023.0,episode
0,On The Trail Inside the 2020 Primaries (CNN),Sermon On The Mount,On The,GXQuuBw15VFbCdgEAAAIr,2019.0,movie
0,One True Singer (The Artist),One True Singer,One True,GYipH8grola2ztwEAAAKO,2022.0,
1,One True Singer (The Artist),One True Loves,One True,GZO9aGg3E4sMrwwEAAAhG,2022.0,
0,"Opposite Sex, The",The Opposite Sex,Opposite Sex,GYEZmpA9ALMPDbQEAAAAG,1956.0,movie
17,Other,Love and Other Catastrophes,Other,GYuQlJAE5uqmChwEAAAAC,2016.0,
16,Other,The (Dead Mothers) Club,Other,GYF3rhQXnCkGswwEAAADI,2014.0,
15,Other,Your Mother Should Know,Other,GYukm2wWpoMJboAEAAAB2,2018.0,
13,Other,My Brother Luca,Other,GYLeuxgPELbGLCwEAAAYt,2021.0,
23,Other,Another Woman,Other,GXvor6gYXIsJZjgEAAARp,1988.0,
12,Other,The Freitas Brothers,Other,GYDlyrQCkmIefwgEAAACv,2019.0,
10,Other,Three Brothers,Other,GYk2_IgMMyoDDYwEAAAF6,2014.0,
9,Other,Unmothered,Other,GYRKZZwbl67SswwEAAAAW,2021.0,movie
5,Other,In Other Words,Other,GX_TOyQCHecM6gQEAAAAp,2021.0,
7,Other,My Brother's Wedding,Other,GYWDjuABS549GlwEAAAAQ,1983.0,
6,Other,No Quiero Ser Tu Hermano (I Don’t Want to Be Your Brother),Other,GXvzk3Qq1EbnDHQEAAAKy,2020.0,
1,Other,The Other Two,Other,GYEabGA1pi19_ZwEAAAAK,2019.0,episode
95,Other,My Brothers and I,Other,GYvroFQPlWLTCKgEAAAO4,2022.0,
3,Other,Jorel's Brother,Other,GYK-wjA1-acLDwgEAAAB6,2018.0,
2,Other,Motherland,Other,GYhbu1QOTV6uRwgEAAAD1,2021.0,
0,Other,The Other Side of Paradise,Other,GY0g0_wwhqRq_lQEAAAC3,2017.0,
8,Other,Another Week On Cartoon,Other,GYRSxKgeViW8TjAEAAAAC,2015.0,
20,Other,Another Round,Other,GY0_DeA5OSLcqtAEAAACu,2020.0,
25,Other,Mother's Day,Other,GZMP4Gwt77pfDVQEAACGN,2016.0,
98,Other,Other People's Money,Other,GX2zq4wBdhI1IugEAAAKY,1991.0,
97,Other,Her Mothers,Other,GYhPoTQ3l6ZVyjAEAAANL,2020.0,
94,Other,Our Idiot Brother,Other,GY30HGgQ0uEG9tAEAAADf,2011.0,movie
4,Other,Every Other Day,Other,GYGtD4AWJ_8NsbAEAAACr,2020.0,
14,Other,"Niko 2 - Little Brother, Big trouble",Other,GYXyrKAAPB4qCdgEAAACW,2012.0,
96,Other,The Kid Brother,Other,GYagnfwsNlcM_pwEAAAAF,1927.0,movie
75,Other,Another Day of Life,Other,GYZ70jwciA8IgAwEAAAAm,2017.0,
81,Other,Not Another Teen Movie,Other,GYEbC7wQ96sPCwwEAAAAC,2001.0,
76,Other,Mothers of the Revolution,Other,GYvtRNAGSbViCmwEAAAQm,2021.0,
78,Other,Another Thin Man,Other,GYuMHuQ0VNIanwgEAAAAY,1939.0,movie
79,Other,The Grandmother,Other,GYyS7rgtaRwycSAEAAACX,2021.0,
80,Other,Another Me,Other,GZAosMQpCxKXCwgEAAAOl,2014.0,movie
88,Other,The Other Boleyn Girl,Other,GYYa7ZgN0cqHCMgEAAABO,2008.0,
83,Other,Another Country,Other,GYGhRLQsLYpTDHAEAAAA5,2023.0,movie
85,Other,Jorel's Brother: Bruttal Carnival Special,Other,GYgHbhAOTx8MNwgEAAAJk,2022.0,
86,Other,The Big Bad Fox and Other Tales,Other,GYjRYCAS3RASGmQEAAAC3,2016.0,
100,Other,Mother’s Day,Other,GYF42VAOJcm6-wgEAAANS,2010.0,
89,Other,The Others,Other,GXiZGrQtaiFHDwwEAAAAh,2001.0,
99,Other,Brother's Keeper,Other,GYyr9tAbF3Z6fiQEAAAFW,2021.0,
124,Other,My Soul Brother,Other,GYuFGUQFOhaieuQEAAAAG,1994.0,
115,Other,All About My Mother,Other,GYEfQVgSKoqmxngEAAAAb,1999.0,
106,Other,Other Sins,Other,GYF0XzQFhp4XCPAEAAABj,2019.0,
19,Other,Poltergeist II: The Other Side,Other,GX7aSqgczmrZJwwEAAAFo,1986.0,
123,Other,Die Another Day,Other,GYk-BFwc3dyQJmwEAAACL,2002.0,
122,Other,"Love, Weddings & Other Disasters",Other,GYfmXOwLJ9g6PtAEAAALy,2020.0,
121,Other,Another Cinderella Story,Other,GXsUz2gVOs76_CQEAAAB5,2008.0,
120,Other,The Eyes of My Mother,Other,GYvKggwATDRbDwwEAAAKE,2016.0,
92,Other,Between Mother And Daughter,Other,GYGskTgEQm8PDwgEAAAAD,1999.0,
119,Other,The House of Mother Joana 2,Other,GZOzoygQWYbqspgEAAAfr,2013.0,
118,Other,Mother's Day,Other,GYXEJCgtMlruGtQEAAAMX,2016.0,movie
90,Other,Smother,Other,GYWsmHg46AMLCwgEAAACH,2021.0,
24,Other,The Freak Brothers,Other,GYiiHVgNy7YCYZwEAAAGO,2020.0,
65,Other,Other Times: Young People,Other,GYJ1qDAg9_LuQqgEAAAAq,2017.0,
114,Other,The Brothers Grimm,Other,GVw1T5Qs8nK6XhJYJAAAz,2005.0,
45,Other,Love and Other Drugs,Other,GXEHvowthSW2-gAEAAAC5,2010.0,
30,Other,Cheech & Chong's The Corsican Brothers,Other,GYl8g9AnEU4mqhAEAAACs,1984.0,movie
111,Other,Mothering Sunday,Other,GYzHJfQ1Fu8ISwwEAAAAe,2021.0,
110,Other,The Perfect Mother,Other,GYKvYowtqMpPDwgEAAABK,1997.0,
109,Other,Ice Mother,Other,GYgHagwVsXK5jFQEAAAE0,2017.0,
108,Other,Liberty: Mother of Exiles,Other,GXYUZPATv_6nCVgEAAAkw,2019.0,movie
116,Other,Half Brothers,Other,GYNJLJQdcZsLCwwEAAAA3,2020.0,
73,Other,Brothers,Other,GYkQm-gJju7m5sQEAAAAL,2017.0,
117,Other,"Diana, Our Mother: Her Life and Legacy",Other,GWWcHcQdgwVx_uQEAAABc,2017.0,movie
71,Other,May It Last: A Portrait of the Avett Brothers,Other,GWhW0ZArFVZC_pgEAAABX,2018.0,movie
29,Other,Another Earth,Other,GXWVCJAOSnYWtLQEAAAjN,2011.0,
46,Other,Brother Nature,Other,GYbAutQLlH5umRgEAAAAC,2016.0,
44,Other,Re:ZERO-Starting Life in Another,Other,GXp4RTg4gg6Q8iwEAAAJp,2020.0,
43,Other,Band of Brothers,Other,GVU2bpwOunINJjhsJATsb,2001.0,episode
41,Other,The Other Side,Other,GZBTnkg61Z5fDVQEAABJL,2022.0,
40,Other,The Brothers Bloom,Other,GWIeXyg2MxgJ3MAEAAAHh,2009.0,movie
38,Other,The Brothers Warner,Other,GZBH3jwQM3rDCLQEAAART,2007.0,movie
37,Other,Mother's Day,Other,GX_S3eQQUh8IAtwEAAADE,2012.0,
31,Other,Jorel's Brother Christmas Special: Santa's Brother,Other,GY1J4-wej-sNksQEAAAEK,2022.0,
34,Other,Seven Brides for Seven Brothers,Other,GYjUhXAh3VIO6kAEAAAAH,1954.0,
33,Other,The Queen: Mother and Monarch,Other,GYt3F0QOGIkqupQEAAAqr,2022.0,
32,Other,The Other Man,Other,GYmJqZQs7w0-ywgEAAAAC,2008.0,
107,Other,Goodnight Moon & Other Sleepytime Tales,Other,GVnnmtQhAXaJeisAIAAs5,1999.0,movie
112,Other,MotherFatherSon,Other,GYdLIxA09LcIsYQEAAAK0,2019.0,
36,Other,Property Brothers: Forever Home,Other,GY2F87wg6GbS7wwEAAAAC,2022.0,episode
57,Other,The House of Mother Joana,Other,GZOzoygYlPMJMRAEAAAfk,2008.0,
28,Other,The Brothers Grimsby,Other,GYvroKQFdvMJboAEAAAPT,2016.0,
47,Other,Mother Goose: A Rappin' & Rhymin' Special: Happily Ever After,Other,GVnB0pQKsAMJak7gIAAMg,1997.0,movie
48,Other,The Other Woman,Other,GYcyguwlW6MLDBAEAAAIr,2018.0,
26,Other,Parallel Mothers,Other,GYyxijwe2pIyqwwEAAAAC,2021.0,
42,Other,Mother!,Other,GYXEIXwukvsI_wwEAAAFv,2017.0,
50,Other,The Other Side of Everything,Other,GYgHcdA3ZN8JifQEAAAFN,2017.0,
70,Other,The Other Side of Hope,Other,GZFOKEABEoZOmPwEAAAk7,2017.0,
69,Other,Sleeping With Other People,Other,GYUGExg748a4OwwEAAAAr,2016.0,
67,Other,Another Stakeout,Other,GXSycIAYs-r29bAEAAAq6,1993.0,
66,Other,Leila's Brothers,Other,GZOXlqAARPrqspgEAAAc0,2022.0,
101,Other,Fullmetal Alchemist: Brotherhood,Other,GXp8rfQSwbbq4SAEAAASS,2016.0,
49,Other,Step Brothers,Other,GYvvRMAtOGFiCmwEAAARI,2008.0,movie
63,Other,"One Sings, the Other Doesn't",Other,GYggGSgCkM4jCwgEAAABG,1977.0,movie
59,Other,The Other Woman,Other,GYoQ3DQbNZ7jCAAEAAADy,2014.0,movie
64,Other,Other Parents,Other,GYBMl_A5n6r1QoQEAAAAv,2020.0,episode
72,Other,Brothers,Other,GXRtp9goPLW2YwgEAAACC,2009.0,
55,Other,Another Mother's Son,Other,GYo2FiQYUwXC3wgEAAAAK,2017.0,
53,Other,The Night of The Brother,Other,GYqChtAspEq2UYwEAAAAD,2015.0,
58,Other,Single Mother by Choice,Other,GYWDkHAIZSoJZwwEAAAAW,2021.0,movie
52,Other,Brothers by Blood,Other,GYFn7Kw1yIYW8wwEAAAAH,2021.0,movie
60,Other,The Brothers Solomon,Other,GYi9lAg6L-TPDQAEAAAAC,2007.0,
68,Other,Good Mother,Other,GY4oSfgPwPZSgigEAAAQr,2021.0,
62,Other,All About My Mother,Other,GYWfILQxIUMLDwgEAAAHj,1999.0,
61,Other,A Carol for Another Christmas,Other,GYU51AA2Lro6lwgEAAABh,1964.0,movie
0,Our Flag Means Death S1,Our Flag Means Death,Our Flag,GYf3LzwJV98JifQEAAAAO,2022.0,episode
0,"Outfit, The",The Outfit,Outfit,GYuMIKgNbXMNewgEAAA8d,1973.0,
1,"Outfit, The",The Outfit,Outfit,GZAlxZAhclcLCwwEAABGx,2022.0,
0,"Outlaw Josey Wales, The",The Outlaw Josey Wales,Outlaw Josey Wales,GYGQNhwi_WYjDXAEAAAKc,1976.0,movie
2,"Outsiders, The",Outsiders,Outsiders,GYhjkLgpHusIZGwEAAACN,2010.0,
3,"Outsiders, The",The Outsiders,Outsiders,GYVzrnAtmSoQruQEAAAAC,1983.0,movie
0,"Outsiders, The",The Outsiders,Outsiders,GXjtShgrqRY7CZgEAABBH,1983.0,
1,"Outsiders, The",Young Justice: Outsiders: Sneak Peek,Outsiders,GX3d_KQnoQIuZmAEAAACV,2020.0,
0,PANIC ROOM,Panic Room,PANIC ROOM,GYGa0rwH4FVXCeQEAAADe,2002.0,
0,PARA ROSA (AKA FOR ROSA),Para Rosa,PARA ROSA,GYEfbuATnL4u5qwEAAAAt,2021.0,movie
0,"PARALLAX VIEW, THE",The Parallax View,PARALLAX VIEW,GXrRnaAhHiIayhAEAAAL8,1974.0,
4,PARANORMAL ACTIVITY,Paranormal Activity 2,PARANORMAL ACTIVITY,GYum_hgf4HxEHXQEAAADu,2010.0,
5,PARANORMAL ACTIVITY,Paranormal Activity,PARANORMAL ACTIVITY,GZUJqzQZ7K5aQVgEAABb5,2009.0,
3,PARANORMAL ACTIVITY,Paranormal Activity: The Marked Ones,PARANORMAL ACTIVITY,GYQk6igKVHLrDbQEAAAFj,2014.0,
1,PARANORMAL ACTIVITY,Paranormal Activity 4,PARANORMAL ACTIVITY,GYQk6igBHbMNsmgEAAAGx,2012.0,
0,PARANORMAL ACTIVITY,Paranormal Activity: The Ghost Dimension,PARANORMAL ACTIVITY,GYuncuwcYr3cpuQEAAAD4,2015.0,
2,PARANORMAL ACTIVITY,Paranormal Activity 3,PARANORMAL ACTIVITY,GZUJrCQtwypaQVgEAABb6,2011.0,
0,PARIS CAN WAIT,Paris Can Wait,PARIS CAN WAIT,GYXWAlg7l-p-HwgEAAAE3,2011.0,
0,PATRIOT GAMES,Patriot Games,PATRIOT GAMES,GYbiQ3wmwqKWFwgEAAAHT,1992.0,
0,PAUL BLART: MALL COP,Paul Blart: Mall Cop,mall cop,GYpjeyQ8NYMLDwwEAAAAj,2009.0,
1,PAUL BLART: MALL COP,Paul Blart: Mall Cop 2,mall cop,GYp1XMQvuyMIfWAEAAAAE,2015.0,
0,PAWN,Spawn,PAWN,GX6WUEgdKY7CHTwEAAAA2,1997.0,movie
1,PAWN,Pawn Sacrifice,PAWN,GYrHJTQ3KYj52wwEAAAER,2015.0,movie
2,PAWN,Todd McFarlane's Spawn,PAWN,GV22CjAE90q2QwgEAAAAI,1997.0,episode
0,"PEOPLE VS. LARRY FLYNT, THE",The People vs. Larry Flynt,PEOPLE VS.,GYEfQVwAWRpOSwwEAAAAL,1996.0,
1,"PEOPLE VS. LARRY FLYNT, THE",The People vs. Fritz Bauer,PEOPLE VS.,GYQk98QF5cMPDHAEAAAI1,2015.0,
0,"PEPI, LUCI, BOM Y OTRAS CHICAS DEL MONT�N","Pepi, Luci, Bom Y Otras Chicas del Monton","PEPI, LUCI,",GYFygVAQSe8PCwwEAAAAC,1980.0,
0,PEPITO (2019 LATINX SHORT FILM COMPETITION WINNER),Pepito,PEPITO,GXl6ZwAZ91J4_wwEAACXV,2020.0,
0,PERCY JACKSON SEA OF MONSTERS,Percy Jackson: Sea of Monsters,PERCY JACKSON,GYWxDpQN9Hb47wwEAAAFI,2013.0,
0,"PERKS OF BEING A WALLFLOWER, THE",The Perks of Being a Wallflower,PERKS OF,GYUAwewus5pWewgEAAAAT,2012.0,
0,"PERSONAL HISTORY OF DAVID COPPERFIELD, THE - 0645197_12-114",The Personal History of David Copperfield,PERSONAL HISTORY,GYFTsgguYHcPDwgEAAAAK,2020.0,
1,"PERSONAL HISTORY OF DAVID COPPERFIELD, THE - 0645197_12-114",The Personal History of David Copperfield: Trailer,PERSONAL HISTORY,GYFSwmQlpgHq6RwEAAAE7,2021.0,
1,PET SEMATARY (1989),Pet Sematary Two,PET SEMATARY,GZNVBCgVgKKmrwgEAAAAD,1992.0,
0,PET SEMATARY (1989),Pet Sematary,PET SEMATARY,GXrBYHwqUL0KuqwEAAAdD,1989.0,movie
0,PHILOMENA,Philomena,PHILOMENA,GYYK2TQlN_b4ZsAEAAACd,2013.0,movie
0,PIANO Y MUJER 2,Piano y Mujer: Trailer,PIANO Y,GYHDDzwBg6b-kjwEAAABp,2021.0,
1,PIANO Y MUJER 2,Piano y Mujer,PIANO Y,GYD1Bxwc4a4jDAAEAAAAG,2021.0,
2,PIANO Y MUJER 2,Piano y Mujer,PIANO Y,GY2KqJA5dHKdWwgEAAADQ,2022.0,standalone
0,PICO DE NEBLINA (EPS 1-10),Pico de Neblina (Joint Venture),PICO DE,GXTIT_A8jKZ5llQEAAA0-,2022.0,episode
0,"PIRATES! BAND OF MISFITS, THE",The Pirates! Band of Misfits,PIRATES! BAND,GYbvp7Q4AhGuWPQEAAANC,2012.0,
1,PITCH PERFECT 3,Pitch Perfect 2,PITCH PERFECT,GY4fl9Qimu4SKbQEAAAAE,2015.0,movie
0,PITCH PERFECT 3,Pitch Perfect,PITCH PERFECT,GYBNiCgZ6D33DwwEAAADE,2012.0,
2,PLANET OF THE APES x,Conquest of the Planet of the Apes,PLANET OF,GXza5LwY6ZMJkwgEAAANQ,1972.0,
1,PLANET OF THE APES x,Battle for the Planet of the Apes,PLANET OF,GX5wVSgWsHiGvfwEAAAAH,1973.0,
3,PLANET OF THE APES x,Rise of the Planet of the Apes,PLANET OF,GXadohARR85aVkgEAAALQ,2011.0,
7,PLANET OF THE APES x,Dawn of the Planet of the Apes,PLANET OF,GZKYZKgmjOU6aKQEAAA-w,2014.0,movie
5,PLANET OF THE APES x,Planet of the Apes,PLANET OF,GWGwsAAjh4muRmwEAAAC3,2001.0,
4,PLANET OF THE APES x,Escape From the Planet of the Apes,PLANET OF,GXza5dQ0wyGeowgEAAAOn,1971.0,
6,PLANET OF THE APES x,Planet of the Apes,PLANET OF,GXza5awiVvcJkwgEAAAOR,1968.0,
0,POINT BREAK 2015,Point Break (1991),POINT BREAK,GYfg_rAlJdbM_mgEAAABb,1991.0,movie
1,POINT BREAK 2015,Point Break,POINT BREAK,GYQk6nQkFS8NsmgEAAAHA,2015.0,movie
2,POINT BREAK 2015,Point Break,POINT BREAK,GXx93XAnt5K0MlAEAAAFI,1991.0,
13,POK�MON DETECTIVE PIKACHU - 0634593_13-108.2,Detective Conan: Sunflowers of Inferno,DETECTIVE,GYfKUMgTcQMPDwwEAAAC0,2015.0,
12,POK�MON DETECTIVE PIKACHU - 0634593_13-108.2,Ace Ventura: Pet Detective Jr.,DETECTIVE,GYEa_JQOrKcIhKgEAAAAm,2009.0,
11,POK�MON DETECTIVE PIKACHU - 0634593_13-108.2,The Bug Detective,DETECTIVE,GY5h02gIxvsPCLwEAAAZv,2022.0,
10,POK�MON DETECTIVE PIKACHU - 0634593_13-108.2,The No. 1 Ladies' Detective Agency,DETECTIVE,GVU2gaQaj7I7DwvwIAUOO,2009.0,episode
9,POK�MON DETECTIVE PIKACHU - 0634593_13-108.2,Pokémon Detective Pikachu,DETECTIVE,GXadUQAL-FZaVkgEAAAKm,2019.0,
6,POK�MON DETECTIVE PIKACHU - 0634593_13-108.2,Detective Conan: Zero the Enforcer,DETECTIVE,GYbC3UwgsTBkowwEAAAAQ,2018.0,
5,POK�MON DETECTIVE PIKACHU - 0634593_13-108.2,Detective Conan: Dimensional Sniper,DETECTIVE,GYbpZGgzEUL26iAEAAAIT,2014.0,
3,POK�MON DETECTIVE PIKACHU - 0634593_13-108.2,Ace Ventura: Pet Detective,DETECTIVE,GYVNlQQw1M6ChXQEAAACH,1994.0,
1,POK�MON DETECTIVE PIKACHU - 0634593_13-108.2,True Detective,DETECTIVE,GVU2xlQZIxY7DwvwIAVgK,2015.0,episode
0,POK�MON DETECTIVE PIKACHU - 0634593_13-108.2,Lupin The 3rd Vs. Detective Conan: The Movie,DETECTIVE,GYIjh7w4hGLK9wgEAAALy,2013.0,
8,POK�MON DETECTIVE PIKACHU - 0634593_13-108.2,The Kid Detective,DETECTIVE,GYLErowb0ohOiiQEAAAI3,2020.0,
4,POK�MON DETECTIVE PIKACHU - 0634593_13-108.2,Detective Conan: The Fist of Blue Sapphire,DETECTIVE,GYcHSdwzg1a3CUwEAAAAC,2019.0,
12,POLICE ACADEMY 3 BACK IN TRAINING,Police Academy 2: Their First Assignment,POLICE ACADEMY,GXdu2XgU6N6XCPQEAADft,1985.0,movie
0,POLICE ACADEMY 3 BACK IN TRAINING,Police Academy 2: Their First Assignment,POLICE ACADEMY,GXrxUmwig18LCAAEAAAID,1985.0,
1,POLICE ACADEMY 3 BACK IN TRAINING,Police Academy 6: City Under Siege,POLICE ACADEMY,GXrxUkQwlMbGGtAEAAAAL,1989.0,
3,POLICE ACADEMY 3 BACK IN TRAINING,Police Academy 3: Back in Training,POLICE ACADEMY,GXdu2VgRq8qXCPQEAADfS,1986.0,movie
2,POLICE ACADEMY 3 BACK IN TRAINING,Police Academy 4: Citizens on Patrol,POLICE ACADEMY,GXdu2Tw6x4puAuwEAADaV,1987.0,movie
4,POLICE ACADEMY 3 BACK IN TRAINING,Police Academy 6: City Under Siege,POLICE ACADEMY,GXdu2VQbmM8PCwwEAADWr,1989.0,
5,POLICE ACADEMY 3 BACK IN TRAINING,Police Academy 7: Mission to Moscow,POLICE ACADEMY,GXdu2cQzubqXCPQEAADf_,1994.0,
10,POLICE ACADEMY 3 BACK IN TRAINING,Police Academy,POLICE ACADEMY,GXemSegUy68PCwwEAAEaT,1984.0,movie
8,POLICE ACADEMY 3 BACK IN TRAINING,Police Academy 5: Assignment Miami Beach,POLICE ACADEMY,GXrxUhwaii8LDbwEAAAAF,1988.0,
7,POLICE ACADEMY 3 BACK IN TRAINING,Police Academy 4: Citizens on Patrol,POLICE ACADEMY,GXyHNAABAwo6vcwEAAABe,1987.0,
6,POLICE ACADEMY 3 BACK IN TRAINING,Police Academy: Mission to Moscow,POLICE ACADEMY,GXrxUrwkE0sLCAAEAAAIK,1994.0,
9,POLICE ACADEMY 3 BACK IN TRAINING,Police Academy 5: Assignment Miami Beach,POLICE ACADEMY,GXdu2UQzv8KXCPQEAADfR,1988.0,movie
11,POLICE ACADEMY 3 BACK IN TRAINING,Police Academy 3: Back in Training,POLICE ACADEMY,GXrxUwwvCqovDaQEAAAAc,1986.0,
0,POPSTAR: NEVER STOP NEVER STOPPING (POPSTAR),Popstar: Never Stop Never Stopping,NEVER STOP NEVER STOPPING,GWSMFjwi2saAYwwEAAACs,2016.0,
0,PORTRAIT OF A LADY ON FIRE,Journey - Portrait of Věra Chytilová,PORTRAIT OF,GYk3HMQWQaMPCwwEAAAAF,2004.0,
1,PORTRAIT OF A LADY ON FIRE,Portrait of a Lady on Fire,PORTRAIT OF,GYk2BmgyWcjYenAEAAAD6,2019.0,
2,PORTRAIT OF A LADY ON FIRE,Billie Jean King: Portrait of a Pioneer,PORTRAIT OF,GWZ-ssAFQpXi2egEAAACS,2006.0,movie
4,PORTRAIT OF A LADY ON FIRE,Fur: An Imaginary Portrait of Diane Arbus,PORTRAIT OF,GXx91mAxJhUxbcwEAAADx,2006.0,
0,PRANCER: A CHRISTMAS TALE,Prancer: A Christmas Tale,A CHRISTMAS TALE,GZUAv4Qvh8bqspgEAABV6,2022.0,
1,PRANCER: A CHRISTMAS TALE,A Christmas Tale,A CHRISTMAS TALE,GZTFyqQcJYGXDwwEAAAAE,2021.0,
1,"PRAY, OBEY, KILL (EPS 1-5)","Pray, Obey, Kill","PRAY, OBEY,",GYSnOngoeqjaWwgEAAAAG,2021.0,
3,"PRAY, OBEY, KILL (EPS 1-5)","Pray, Obey, Kill: Trailer","PRAY, OBEY,",GYGYrHQYJlcPDwwEAAAA6,2021.0,
0,"PRAY, OBEY, KILL (EPS 1-5)","Pray, Obey, Kill (Knutby: I blind tro)","PRAY, OBEY,",GYGdpLQyFccMfwwEAAAAu,2021.0,
0,PRIDE,Pride,PRIDE,GYYK2awUl9KBiwgEAAABK,2014.0,
1,PRIDE,Pride and Prejudice,PRIDE,GXqSGaQt22hqYwgEAAAU0,1995.0,
2,PRIDE,The Last Rites of Ransom Pride,PRIDE,GYJ2v0Qrlz0ipSwEAAAAu,2010.0,
3,PRIDE,Pride and Glory,PRIDE,GYJ2XEAqFV74-twEAAAGG,2008.0,
4,PRIDE,Pride & Prejudice,PRIDE,GYDkv6g2_Nq-NwgEAAABV,2005.0,
5,PRIDE,David Cross: The Pride Is Back,PRIDE,GVU4DUwHQ0oNJjhsJAa4u,1999.0,standalone
6,PRIDE,Pride and Prejudice and Zombies,PRIDE,GYUlr6AtfmGpMDwEAAAB6,2016.0,
7,PRIDE,Pride and Prejudice,PRIDE,GXpUABAkTqQwlRQEAABtL,1940.0,
7,PRINCE OF THE CITY,The Fresh Prince of Bel-Air Reunion: Trailer - Premieres November 19,PRINCE OF,GX6qXagCUuMPCwgEAAAAH,2020.0,
14,PRINCE OF THE CITY,Prince of Jutland,PRINCE OF,GYGiSCAf2vbzCwwEAAABh,1994.0,
5,PRINCE OF THE CITY,Excelsior! The Prince of Magicians,PRINCE OF,GYUC1rwRBdcLCwgEAAAAt,1901.0,movie
3,PRINCE OF THE CITY,The Fresh Prince of Bel-Air Reunion,PRINCE OF,GX7QU5AGnhiLDwwEAAAAj,2020.0,standalone
6,PRINCE OF THE CITY,Robin Hood: Prince of Thieves,PRINCE OF,GYJBUvAuwi4zDTQEAAAAC,1991.0,movie
4,PRINCE OF THE CITY,The Prince of Egypt,PRINCE OF,GZR2Utwm1f4oXwgEAAAAE,1998.0,
0,PRINCE OF THE CITY,The Fresh Prince of Bel-Air,PRINCE OF,GXdLWQgqPHKXCPQEAAAxk,1996.0,episode
2,PRINCE OF THE CITY,The Prince of Tides,PRINCE OF,GYLf7WQhY66PCwwEAAAAC,1991.0,
9,PRINCE OF THE CITY,Robin Hood: Prince of Thieves,PRINCE OF,GZSa0HwYyKILCJwEAABLo,1991.0,
0,PRINCESS CUT (2020 LATINX SHORT FILM COMPETITION WINNER),Princess Cut,PRINCESS CUT,GYDgmpgYEm8IclgEAAAAR,2021.0,movie
0,"PRODUCERS, THE",The Producers,PRODUCERS,GX9uU9A1tvcILwgEAAAGw,1967.0,
0,"PROFESSIONAL, THE (1994)",The Professional,PROFESSIONAL,GYbvp0ASLMcLCwgEAAANn,1994.0,
1,"PROFESSIONAL, THE (1994)",MasterChef Professional Brazil,PROFESSIONAL,GZQjCqgPrBcLCVgEAAAAC,2023.0,
0,PROM NIGHT (2008),Prom Night,PROM NIGHT,GYyyvxwS4XoWJhAEAAABz,2008.0,
0,PROMISING YOUNG WOMAN - 0644853_12-148,Promising Young Woman,PROMISING YOUNG,GYPrhpAPc62CutQEAAAAT,2021.0,
2,PROPHECY 4: THE UPRISING,The Prophecy 5: The Forsaken,PROPHECY,GX3YZLAJuq6qStQEAAAFC,2005.0,
3,PROPHECY 4: THE UPRISING,The Prophecy II,PROPHECY,GX3YZDQhwGqavwwEAAAAW,1998.0,
4,PROPHECY 4: THE UPRISING,The Prophecy 3: The Ascent,PROPHECY,GX3YZXwSRUaqStQEAAAFT,2000.0,
0,PROPHECY 4: THE UPRISING,The Prophecy 4: Uprising,PROPHECY,GX3YZQAtWjsLCSgEAAAQv,2005.0,
1,PROPHECY 4: THE UPRISING,The Prophecy,PROPHECY,GX3YZkgLLd6qStQEAAAGM,1995.0,
2,PSI (EPS 14-23),Psiconautas,PSI,GYD_NwwpmPLC0wgEAAAAt,2016.0,
5,PSI (EPS 14-23),The Upside of Anger,PSI,GYBQlkw4vI7CLbQEAAAEV,2005.0,
4,PSI (EPS 14-23),Christmas Tree Upside Down,PSI,GYk3RXwsq98PDwgEAAAFt,2006.0,
0,PSI (EPS 14-23),Psi,PSI,GVU2mJQsqQINJjhsJAUi_,2015.0,
3,PSI (EPS 14-23),Topside,PSI,GYqb7Xwjw5MN8wgEAAAAM,2020.0,
1,PSI (EPS 14-23),Time of the Gypsies,PSI,GYF5ErgPhZG6-wgEAAASo,1989.0,
0,Pac-Man S1,Pac-Man and the Ghostly Adventures,Pac-Man,GX0_nXgMMpIaMwgEAAAJU,2013.0,
69,Para,49th Parallel,Para,GYTqlqgRNwsPDwgEAAADf,1941.0,movie
38,Para,Loli Paradicka,Para,GYf4TIw3SPcLDZQEAAACy,2019.0,
37,Para,Athletico Paranaense x Juventude,Para,GYSOnAgs2lsJqgQEAAAAE,2021.0,
40,Para,Athletico Paranaense x Bahia,Para,GYSOlrAU8qaPDwgEAAAAg,2021.0,
41,Para,Paranoiac,Para,GZP-rSg8OKpAFjQEAAAAE,1963.0,
42,Para,Paranormal Xperience,Para,GYUwR_giqScMJggEAAAAZ,2011.0,
45,Para,Revenge of the Nerds II: Nerds in Paradise,Para,GXxWctAqI1JpiwwEAAAoF,1987.0,
46,Para,Athletico Paranaense x Ceará,Para,GYSOjTAPG6b8PqgEAAAAS,2021.0,
47,Para,Wellington Paranormal,Para,GYMjs-wY9X7CIhgEAAAAU,2021.0,episode
51,Para,A Separation,Para,GYh5E1wkWBsIBvwEAAAC7,2011.0,
53,Para,Athletico Paranaense x Palmeiras,Para,GYSOhOg0RUcJHwgEAAAAU,2021.0,
63,Para,Preparations to Be Together for an Unknown Period of Time,Para,GYg_gqApAQje5aAEAAABA,2020.0,
56,Para,John Wick: Chapter 3 - Parabellum,Para,GXcWrtQ7UXyRMwgEAAACC,2019.0,
35,Para,Parasite,Para,GYcyQKgszxINPrQEAAAIV,2019.0,movie
52,Para,Ticket to Paradise,Para,GZD7a-g5Pt8N_dwEAAAet,2022.0,
54,Para,Footlight Parade,Para,GXjS6GwxCQI7CZgEAAAVS,1933.0,
70,Para,Parade's End,Para,GVU2ooAea5FFvjSoJAUxA,2013.0,episode
36,Para,Athletico Paranaense x Santos,Para,GYSOkeQfzcaPDwgEAAAAd,2021.0,
67,Para,Paranoia,Para,GYJ2vswxhvsLDwgEAAAF7,2013.0,movie
65,Para,The Paradise Suite,Para,GYjrzcw77pYKYOwEAAAAO,2015.0,
64,Para,Paradise,Para,GYXG8YwRRdr3CMAEAAAAX,2022.0,episode
59,Para,Paradise Hotel,Para,GYgHeBQ47J8LDwwEAAAFe,2010.0,
33,Para,Fortaleza x Athletico Paranaense,Para,GYSOlGwe_2sI9iQEAAAAP,2021.0,
48,Para,Separate Tables,Para,GXrxDzAa5oYSnCQEAAAAS,1958.0,
49,Para,Para - We are King (Wir Sind King),Para,GYVJA0Qyn64qdpwEAAAA4,2021.0,
71,Para,Paparazzi,Para,GWv8QIgqBwjWlqwEAAACu,2004.0,movie
34,Para,Stranger Than Paradise,Para,GXmlS2AHO8p4_wwEAADEd,1984.0,movie
22,Para,Paradise Lost 2: Revelations,Para,GVU45GgeMUo7DwvwIAeZ6,2000.0,
12,Para,Porno Para Principiantes (Porno for Newbies),Para,GX3ZBXQi8vsLCSgEAAAWo,2018.0,
3,Para,Escobar: Paradise Lost,Para,GYebclgIj-MMHwgEAAAN_,2015.0,
2,Para,Bachelor in Paradise (Australia),Para,GXea8yw2uhsPCwwEAAD6V,2018.0,
4,Para,Palmeiras x Athletico Paranense,Para,GYRhZDQIIGzdFwwEAAAFl,2021.0,
5,Para,Without Breasts There Is No Paradise,Para,GYpZYuAKaPaqxnwEAAADu,2010.0,
6,Para,Fool's Paradise,Para,GZO4efwyUEILCJwEAAAhD,2023.0,
8,Para,Paradise Lost: The Child Murders at Robin Hood Hills,Para,GVU3EqA57V47DwvwIAW1p,1996.0,
9,Para,The Parachute Murder Plot,Para,GYXEJCgSh9YJQuwEAAAKc,2018.0,
11,Para,Cinema Paradiso,Para,GXSybwAQbtpVLqQEAAAba,1990.0,
30,Para,Paradise Hills,Para,GYgHepgXnbsNvkAEAAAFX,2019.0,
18,Para,Paradise Trips,Para,GYkLy-Q1xVKyzKAEAAAAI,2015.0,
10,Para,Separation,Para,GYnBUXgMlWrmItAEAAAAH,2021.0,
31,Para,El paramo (The Squad),Para,GXHBtjgJgvY7DwwEAAACF,2019.0,
15,Para,Torn Apart: Separated at the Border,Para,GXXAdtg26BhySmAEAAAdY,2019.0,movie
0,Para,Bachelor in Paradise,Para,GXdcgigtFtMPCwwEAACvA,2017.0,
32,Para,Six Degrees of Separation,Para,GYLjYbg0LwLpQtgEAAAQB,1993.0,
20,Para,Un Disfraz Para Nicolas,Para,GYLfXLQwbSmCSiwEAAAcJ,2021.0,movie
21,Para,White Paradise,Para,GZL-gBABmxKaHgQEAACDK,2022.0,
16,Para,Paradise Lost,Para,GX2odqQUHJx6fnAEAAALU,2012.0,episode
13,Para,Trapped in Paradise,Para,GXuEyuQkUPsPCwgEAAAwt,1994.0,
24,Para,Para -- We Are King,Para,GYVJA0Quzb4mZggEAAAAD,2023.0,episode
25,Para,Paradise Lost 3: Purgatory,Para,GVU4SQQv351FvjSoJAb6C,2012.0,
29,Para,Aparajito,Para,GYGX9XwNZsIi1wgEAAADV,1956.0,movie
23,Para,Justice League: The Flashpoint Paradox,Para,GXeOMyQhfX5uAuwEAADwH,2013.0,movie
0,"Patch of Blue, A",A Patch Of Blue,Patch of,GXjS6GwgD3Y7CZgEAAAUy,1965.0,
0,Peacemaker S1,The Peacemaker,Peacemaker,GYJASywfjIZiIoAEAAABW,1997.0,
1,Peacemaker S1,Peacemaker,Peacemaker,GYW7mcATOOadAmgEAAABS,2020.0,
2,Peacemaker S1,Peacemaker,Peacemaker,GYb0FKQLsGIyPfQEAAAAM,2022.0,episode
0,"Pelican Brief, The",The Pelican Brief,Pelican Brief,GXjtShguOMo-njwEAAA76,1993.0,
0,Pennyworth S1-2,Pennyworth: The Origin of Batman's Butler,Pennyworth,GYagoyQwsSZfCwgEAAAAD,2019.0,episode
0,"People v. The Klan, The",The People v. The Klan,People v.,GYQrGfwQrB2TCQgEAAAAh,2021.0,
0,Perfect Life S1,Perfect Life (Vida perfecta),Perfect Life,GX8gh5w1QLC3CCAEAAACv,2019.0,episode
2,Perfect Life S1,Perfect Life. Season 1 Trailer,Perfect Life,GX43zLAHOdGNViQEAAAdX,2021.0,
0,"Perfect Murder, A",A Perfect Murder,Perfect Murder,GXmasMAoLBzC3wwEAACxl,1998.0,
0,"Perfect Storm, The",The Perfect Storm,Perfect Storm,GX07ghwTKJrCttQEAAAH2,2000.0,movie
1,"Perfect Storm, The",Noma: My Perfect Storm,Perfect Storm,GZBHPPgf1FZOmPwEAAASQ,2023.0,movie
1,"Perfect World, A",A Perfect World,Perfect World,GXrHuSAvp-sPCwwEAAACI,1993.0,
0,"Perfect World, A",An Almost Perfect World,Perfect World,GYkSdcg75p3pOtwEAAACY,2011.0,
0,Persona The Dark Truth Behind Personality Tests (CNN),Persona: The Dark Truth Behind Personality Tests,The Dark Truth Behind Personality,GYC1puQhu1cLCwgEAAAA0,2021.0,movie
0,"Phantom of the Opera, The",The Phantom of the Opera,Phantom of,GXma-8wMIKSLCHAEAABnu,2004.0,movie
0,"Philadelphia Story, The",The Philadelphia Story,Philadelphia Story,GXjS6IQTzxJPCwgEAAAVr,1940.0,
6,"Pirate, The",Scooby-Doo! Pirates Ahoy,Pirate,GYGd7MAnjl8PDFgEAAAAv,2006.0,movie
5,"Pirate, The",The Pirate,Pirate,GYS6z0wMZCcJ9qQEAAAD9,1948.0,movie
1,"Pirate, The",The Pirates Who Don't Do Anything: A VeggieTales Movie,Pirate,GYIji3Au8pYeedgEAAAMW,2008.0,
3,"Pirate, The",Pirates Down the Street,Pirate,GYg_gigYtM0iCrwEAAADQ,2020.0,
2,"Pirate, The",Free Willy: Escape from Pirate's Cove,Pirate,GXehPCwt7kkytlAEAAARK,2010.0,
4,"Pirate, The",The Ice Pirates,Pirate,GYd3IpQVnzQPCwgEAAAYi,1984.0,
0,"Polar Express, The",The Polar Express,Polar Express,GXdu2UAyz4JuAuwEAADag,2004.0,movie
0,Pope: The Most Powerful Man in History^,Pope: The Most Powerful Man in History,The Most Powerful Man in ,GXcnlfwDlGZuAuwEAAAOM,2018.0,
0,Possessions S1,Possessions,Possessions,GYBCRdASrK663twEAAABG,2020.0,episode
1,Possessions S1,Possessions: Trailer,Possessions,GX_79MwTmfMPCSwEAAAAD,2021.0,
0,"Postman Always Rings Twice, The (1946)",The Postman Always Rings Twice,Postman Always,GYQmrbwujObmpwwEAAAAG,1946.0,
1,"Postman Always Rings Twice, The (1946)",The Postman Always Rings Twice,Postman Always,GXjS6HAeg0ZPCwgEAAATe,1981.0,
0,Powerpuff Girls,The Powerpuff Girls,Powerpuff Girls,GXkNYoQqHfY-njwEAABaA,2018.0,episode
1,Powerpuff Girls,The Powerpuff Girls,Powerpuff Girls,GXnUoBQPflYCgwwEAAAWf,1999.0,episode
3,Powerpuff Girls,The Powerpuff Girls Movie,Powerpuff Girls,GYFzlMgPkc4K8kwEAAAL-,2002.0,
0,Pretty Little Liars: Original Sin S1,Pretty Little Liars,Pretty Little,GXdMTbQrnTaXCPQEAAA9W,2017.0,episode
6,Pretty Little Liars: Original Sin S1,Pretty Little Liars: The Perfectionists,Pretty Little,GYSZBwwminApfpQEAAAL6,2019.0,
7,Pretty Little Liars: Original Sin S1,Pretty Little Liars: Original Sin,Pretty Little,GYqM-cQPaAKeUiwEAAAAC,2022.0,episode
3,Pretty Little Liars: Original Sin S1,All the Pretty Little Horses,Pretty Little,GYfmm9QMyFsLCNgEAAAKw,2020.0,
0,"Prince and the Pauper, The",A Prince and Pauper Christmas,Prince and,GZTFz1AIxM8LDGwEAAAAZ,2022.0,
1,"Prince and the Pauper, The",The Prince and Me,Prince and,GY2jsZAHug4GhwwEAAAFA,2004.0,
2,"Prince and the Pauper, The",The Prince and the Pauper,Prince and,GZTgg9Q15uYWOFgEAAAAC,1937.0,movie
0,"Problem with Apu, The",The Problem with Apu,Problem with Apu,GXfu_jAb4bZWdkQEAAAgU,2017.0,standalone
0,Prodigal Son S1 (w extensions),Prodigal Son,Prodigal Son,GYDkNoAo93ISWuwEAAAAF,2021.0,episode
0,Project Greenlight S1 + Gray Matter (movie),Project Greenlight,Project Greenlight,GZJtv_QXvqaaHgQEAAB1X,2023.0,
1,Project Greenlight S1 + Gray Matter (movie),Project Greenlight,Project Greenlight,GZSAx4whsIQ66ewEAAAAC,2023.0,episode
2,Project Greenlight S1 + Gray Matter (movie),Project Greenlight,Project Greenlight,GVr1CogQgvpSVYM4IAAAa,2015.0,episode
0,"THAL�A """"""""VIVA TOUR"""""""" (EN VIVO)""""",Thalia Viva Tour En Vivo,VIVA TOUR,GYPIHRQDQSJDCwgEAAAAE,2014.0,standalone
0,UNDERWATER - 0642813_12-114,Underwater Wonders Of The National Parks,UNDERWATER ,GXqdAlQVedxqYwgEAAAnN,2016.0,
0,UNDERWORLD (2003),Doraemon: Nobita's New Great Adventure into the Underworld,UNDERWORLD,GYd11Jg0HTsPCwgEAAAK8,2007.0,
6,UNDERWORLD (2003),Underworld,UNDERWORLD,GYk4rzA7MeqaxwgEAAAAZ,2003.0,
5,UNDERWORLD (2003),Victor and Valentino: Welcome to the Underworld,UNDERWORLD,GYpm_WgrqYpx2rAEAAAAC,2019.0,
1,UNDERWORLD (2003),Underworld Awakening,UNDERWORLD,GYXWDUwSMSb3CMAEAAAFB,2012.0,
3,UNDERWORLD (2003),Underworld: Rise of the Lycans,UNDERWORLD,GYkyJeQh66sLDwwEAAAEn,2009.0,
4,UNDERWORLD (2003),Underworld: Blood Wars,UNDERWORLD,GYU60Xwzfab-dwgEAAABW,2016.0,
2,UNDERWORLD (2003),Underworld: Evolution,UNDERWORLD,GYR9azASx8riVuQEAABIV,2006.0,
0,UNO PARA TODOS (AKA ONE FOR ALL),Uno Para Todos,UNO PARA,GYLfmWQ8HBWCSiwEAAAcM,2021.0,movie
0,UNSANE,Unsane,UNSANE,GYYEsQAmfhcIHwgEAAACb,2018.0,
2,UP IN SMOKE,Cheech & Chong's Up In Smoke,UP IN SMOKE,GX07izAEB-LCttQEAAAIb,1978.0,
0,UP IN SMOKE,Up in Smoke,UP IN SMOKE,GYf3sfAsM0q5jFQEAAABf,1978.0,
1,UP IN SMOKE,Cheech & Chong's Up in Smoke,UP IN SMOKE,GYjS1uQv8MMPCwgEAAABT,1978.0,movie
44,US - 0636835_12-148,Curious Caterer: Dying For Chocolate,US ,GY0pf7Q0NR7qYkwEAAAFH,2022.0,
54,US - 0636835_12-148,Juventus 0-0 Milan,US ,GYjM5Uw4mc8PDEwEAAAAJ,2003.0,
53,US - 0636835_12-148,Tenacious D In: The Pick of Destiny,US ,GXt_qfAWAFKUJwwEAAACR,2006.0,movie
52,US - 0636835_12-148,FK Zenit Saint Petersburg vs Juventus Turin,US ,GYS_P1QOmY5OwcAEAAAD8,2021.0,
51,US - 0636835_12-148,Corpus Christi,US ,GYk2eRQHGfZrDwgEAAAAF,2019.0,
50,US - 0636835_12-148,Fast & Furious Presents: Hobbs & Shaw,US ,GXiYw6gNVn6jCwgEAAASc,2019.0,
46,US - 0636835_12-148,Precious Cargo,US ,GY5oVjQ7vYLWbnAEAAAAC,2016.0,movie
5,US - 0636835_12-148,Juventus 3-0 Atletico Madrid,US ,GYi-dHQXnMcLDVwEAAAAb,2019.0,
30,US - 0636835_12-148,Obvious Child,US ,GYscuRQxiPkqupQEAAAJS,2014.0,movie
55,US - 0636835_12-148,Olympus Has Fallen,US ,GYGa0pQNdYcPDwwEAAAFX,2013.0,
45,US - 0636835_12-148,See Us Coming Together: A Sesame Street Special,US ,GYYwwVQ86fEq-uQEAAACL,2021.0,standalone
43,US - 0636835_12-148,The Hilarious Posters,US ,GYUyVHQErGYBIgAEAAACc,1906.0,movie
61,US - 0636835_12-148,Metal Monsters: The Righteous Redeemer,US ,GZMAK3wNioJfDVQEAACBz,2023.0,
56,US - 0636835_12-148,Dangerous Liaisons,US ,GXRtqFAyJRZVLqQEAAACu,1988.0,
59,US - 0636835_12-148,Juventus vs M. Haifa,US ,GZHj-rQOqbMLCwwEAABsX,2023.0,
58,US - 0636835_12-148,Women on the Verge of a Nervous Breakdown,US ,GYEfQVQkcYgc6kgEAAAAR,1988.0,
42,US - 0636835_12-148,Gracious Night,US ,GYgHcnAz60sLDwwEAAAFQ,2020.0,
60,US - 0636835_12-148,Highlights: Juventus vs M. Haifa,US ,GYyoF9QqtQa1SwwEAAAAp,2022.0,
73,US - 0636835_12-148,Juventus Turin vs FK Zenit Saint Petersburg,US ,GYS_ecAMb2sMkOQEAAAGn,2021.0,
63,US - 0636835_12-148,The Land Before Time V: The Mysterious Island,US ,GW88vDwqbTsN5wwEAAAJp,1997.0,
66,US - 0636835_12-148,Dangerous Liaisons,US ,GXdu2XgByzaXCPQEAADfm,1988.0,movie
67,US - 0636835_12-148,Juventus 3-0 Barcelona,US ,GYjH94w5yLcMHwwEAAACB,2017.0,
69,US - 0636835_12-148,Curious George: A Halloween Boo Fest,US ,GYRGuyA8C9L2IwgEAAAAC,2013.0,
70,US - 0636835_12-148,Birds of Prey (and the Fantabulous Emancipation of One Harley Quinn),US ,GYGJAwgdTR0zCwwEAAABM,2020.0,movie
71,US - 0636835_12-148,Juventus vs Chelsea,US ,GZHjxgwlztzGtmQEAAAAC,2023.0,
49,US - 0636835_12-148,Nobody Will Talk About Us When We're Dead,US ,GYuFGyQeLFZS5nQEAAAAC,1995.0,
74,US - 0636835_12-148,Fast & Furious 6,US ,GYJ6qEgHoVqUOrgEAAAKU,2013.0,
24,US - 0636835_12-148,Don't Play Us Cheap,US ,GY74KPQHgEgnCZwEAAAsu,1972.0,movie
40,US - 0636835_12-148,Juventus Turin vs Villarreal CF,US ,GYfl_kQV33IieoQEAAAAE,2022.0,
11,US - 0636835_12-148,Dane Cook Vicious Circle,US ,GVU2qlgmFioNJjhsJAU1f,2006.0,standalone
9,US - 0636835_12-148,Tenacious D Short 02,US ,GVU3FzwA9S47DwvwIAW6_,1997.0,
8,US - 0636835_12-148,Highlights: Juventus vs M. Haifa,US ,GYyoLPgnB_q68qwEAAAFW,2022.0,
7,US - 0636835_12-148,Juventus vs Milan,US ,GZLWAfAtyAk_CwwEAAAAC,2023.0,
33,US - 0636835_12-148,Juventus 1-3 Barcelona,US ,GYjM8iAjonpmlrgEAAAAC,2015.0,
3,US - 0636835_12-148,Men on the Verge of a Nervous Breakdown,US ,GY9jgwwb83ZOmPwEAAAA7,2022.0,
2,US - 0636835_12-148,Bill & Ted's Bogus Journey,US ,GX9qaFArDbcILwgEAAACw,1991.0,
1,US - 0636835_12-148,Tenacious D Short 01,US ,GVU2zKQFVsY7DwvwIAVnD,1997.0,
0,US - 0636835_12-148,Confessions of a Dangerous Mind,US ,GXzasmA59_EvDbQEAAAK2,2003.0,
13,US - 0636835_12-148,Juventus Turin vs Chelsea FC,US ,GYS1LRw6GapqZrQEAAAAD,2021.0,
32,US - 0636835_12-148,Maccabi Haifa FC vs Juventus Turin,US ,GYyiVBADgaMM7YwEAAAAl,2022.0,
12,US - 0636835_12-148,Curious George,US ,GYNjnQQB8AcPCwwEAAAAD,2012.0,
48,US - 0636835_12-148,Juventus Turin vs Villarreal CF,US ,GYfmFTAfNa4m1eAEAAAGg,2022.0,
18,US - 0636835_12-148,Dangerous Play,US ,GY3QT3gCZ1AnCZwEAAABz,2022.0,movie
38,US - 0636835_12-148,Righteous Kill,US ,GX_NToA0kTKPDwgEAAAAc,2008.0,
15,US - 0636835_12-148,Juventus 3-1 Real Madrid,US ,GYjCoMAulELyFiAEAAAAC,2003.0,
17,US - 0636835_12-148,Roald & Beatrix: The Tail of the Curious Mouse,US ,GYX-01gI2joN1tgEAAAC3,2020.0,
19,US - 0636835_12-148,Juventus Turin vs Malmo FF,US ,GYTI-2QJyezTCfgEAAAAX,2021.0,
20,US - 0636835_12-148,A Dangerous Son,US ,GWsfH3waYwLLCwwEAAAAq,2018.0,movie
21,US - 0636835_12-148,Chelsea FC vs Juventus Turin,US ,GYS_lcANt9R-3wwEAAABO,2021.0,
22,US - 0636835_12-148,The Righteous Gemstones,US ,GXRuC4gJdpm2YwgEAAAF_,2023.0,episode
72,US - 0636835_12-148,Juventus vs PSG,US ,GZHj_xgGShMI4aAEAAAAD,2023.0,
25,US - 0636835_12-148,Joe Versus the Volcano,US ,GX5NtWQageJ7CDwEAAABr,1990.0,
26,US - 0636835_12-148,Inglourious Basterds,US ,GYg_RZgXeKEiCrwEAAABF,2009.0,
27,US - 0636835_12-148,Marcus Level,US ,GYQf7oQxwB8LCawEAAABs,2014.0,
57,US - 0636835_12-148,Juventus vs Real Madrid,US ,GZLWDPQY85gF7oQEAAAAG,2023.0,
14,US - 0636835_12-148,Bauhaus - A New Era,US ,GYIjjoQcJv4eedgEAAAPZ,2019.0,
76,US - 0636835_12-148,Robert Klein: The Amorous Busboy of Decatur Avenue,US ,GVU3alwNV8oNJjhsJAYLY,2005.0,standalone
103,US - 0636835_12-148,Juventus 0-3 Real Madrid,US ,GYi-c1wUfp69gugEAAAAC,2018.0,
31,US - 0636835_12-148,Johnny vs Amber: The US Trial,US ,GYx_owQ7sIZvDwwEAAAEp,2022.0,
29,US - 0636835_12-148,Rasmus Klump,US ,GYUyQvwyrWQ-nwwEAAAAu,1996.0,
62,US - 0636835_12-148,Joe Versus the Volcano,US ,GYdu-PAxjYbeZGAEAAAFn,1990.0,
81,US - 0636835_12-148,Juventus vs PSG,US ,GYzHtVQx526LDwwEAAABD,2022.0,
112,US - 0636835_12-148,Jesus of Montreal,US ,GYfmKCgrYIMLDSwEAAAAK,1989.0,
113,US - 0636835_12-148,Juventus - Villarreal,US ,GYgbc_gZvtlpXwgEAAAZp,2022.0,
114,US - 0636835_12-148,Rasmus Klump,US ,GYYUZaAU-3MI5nAEAAABW,2018.0,
136,US - 0636835_12-148,Journey 2: The Mysterious Island,US ,GYJ5XTwMdtZ6uswEAAAJz,2015.0,movie
116,US - 0636835_12-148,The Notorious Bettie Page,US ,GVYE3oQBCxIqLlS8JACcS,2006.0,
117,US - 0636835_12-148,Curious George 3: Back To The Jungle,US ,GYpKitgvUKYbDwgEAAAAa,2015.0,
118,US - 0636835_12-148,Highlights: Juventus vs Real Madrid,US ,GZLhbMg1rVsLCwwEAACF1,2023.0,
119,US - 0636835_12-148,Paris Saint-Germain vs Juventus Turin,US ,GYwzdlAEZ-3cpuQEAAAe3,2022.0,
78,US - 0636835_12-148,Jesus Revolution,US ,GZPJKGgqhN4LCJwEAAAjq,2023.0,
115,US - 0636835_12-148,Juventus Turin vs FK Zenit Saint Petersburg,US ,GYS-qcgdh27PCwwEAAACB,2021.0,
122,US - 0636835_12-148,Juventus - VILLARREAL,US ,GYgvKNQMeG5qZsQEAAAAG,2022.0,
126,US - 0636835_12-148,Journey 2: The Mysterious Island,US ,GXx911AsCnq0MlAEAAADa,2012.0,
127,US - 0636835_12-148,Jesus Sepulveda: Mr. Tough Life,US ,GYuBY3wRUUsLCwgEAAA4F,2022.0,standalone
128,US - 0636835_12-148,Highlights: Juventus vs PSG,US ,GY0iDTQEAkLqYkwEAAADj,2022.0,
101,US - 0636835_12-148,The Most Dangerous Game,US ,GXpEXtgHQox-auwEAAATX,1932.0,movie
6,US - 0636835_12-148,Venus and Serena,US ,GYbej0gZZ5muWPQEAAAHG,2013.0,
130,US - 0636835_12-148,Plus One,US ,GYJXSNw6Gf8IuOQEAAAAe,2018.0,
132,US - 0636835_12-148,Villarreal CF vs Juventus Turin,US ,GYflOQAatbaOiqQEAAAC6,2022.0,
133,US - 0636835_12-148,Gus The Itsy Bitsy Knight,US ,GYY1zRgfqsFXCwgEAAAAC,2021.0,
134,US - 0636835_12-148,Vicious Fun,US ,GYJWawQ8jr8JRhwEAAAAm,2020.0,
135,US - 0636835_12-148,FK Zenit Saint Petersburg vs Juventus Turin,US ,GYS6c2AYhl8ICYAEAAABX,2021.0,
125,US - 0636835_12-148,Curious George Swings Into Spring,US ,GYRdVXgWL-4bCNAEAAAC7,2013.0,
121,US - 0636835_12-148,Juventus vs Villarreal,US ,GZHjzcQzhTcLCwwEAABrr,2023.0,
137,US - 0636835_12-148,Tenacious D,US ,GXbNISgPteoNiYAEAAAo3,1999.0,episode
129,US - 0636835_12-148,Juventus Turin vs Chelsea FC,US ,GYS0rwQ2gp8NsGgEAAAAF,2021.0,
109,US - 0636835_12-148,Malmo FF vs Juventus Turin,US ,GYS0RdQhBuISltgEAAAAY,2021.0,
84,US - 0636835_12-148,Highlights: Juventus vs Milan,US ,GZLhTuwvhY8PCLwEAACAh,2023.0,
92,US - 0636835_12-148,Furious 7,US ,GYfKyTQAmJE_CEAEAAACJ,2015.0,movie
120,US - 0636835_12-148,Highlights: Juventus vs PSG,US ,GY0iU3wMcF8PCUAEAAAFE,2022.0,
106,US - 0636835_12-148,On Dangerous Ground,US ,GXwdAJQMC98PDwgEAAAUf,1952.0,
82,US - 0636835_12-148,Tous Les Reves Du Monde,US ,GYcyiRgj_gRrDwwEAAAJG,2017.0,
108,US - 0636835_12-148,A Dangerous Method,US ,GYZK4AAbht3eGtgEAAAA5,2011.0,movie
16,US - 0636835_12-148,A Murderous Affair: The Carolyn Warmus Story,US ,GYk1kzA2ux4Q3tQEAAABD,1992.0,
85,US - 0636835_12-148,Juventus vs PSG,US ,GYzIAZQmSYaaxigEAAABF,2022.0,
86,US - 0636835_12-148,Juventus 1-4 Real Madrid,US ,GYjM8zge9xKLCwgEAAAAi,2017.0,
88,US - 0636835_12-148,Chelsea FC vs Juventus Turin,US ,GYTEwZwhjXA6bdgEAAAEJ,2021.0,
89,US - 0636835_12-148,Juventus Turin vs Maccabi Haifa FC,US ,GYyiOrwMOga68qwEAAAAm,2022.0,
90,US - 0636835_12-148,Curious George,US ,GYEawRwv5qrrCFgEAAAA2,2006.0,
91,US - 0636835_12-148,Villarreal CF vs Juventus Turin,US ,GYfg5RAVOjsLDwwEAAABA,2022.0,
87,US - 0636835_12-148,The Land Before Time VI: The Secret of Saurus Rock,US ,GW9i-VgURErqukAEAAAUx,1998.0,
111,US - 0636835_12-148,Metal Monsters: The Righteous Redeemer,US ,GZMEcGgCi27TCdgEAAAAF,2023.0,
95,US - 0636835_12-148,Juventus Turin vs Malmo FF,US ,GYTDpqQrR7ZaMZQEAAAAC,2021.0,
83,US - 0636835_12-148,The Infamous Future,US ,GX8leJgftYay7FgEAAAA5,2020.0,movie
97,US - 0636835_12-148,Juventus vs M. Haifa,US ,GYxEbYwwqJhEHXQEAAAlV,2022.0,
99,US - 0636835_12-148,‘Til Jail Do Us Part,US ,GYkbpQg166r7DwgEAAAAl,2021.0,
100,US - 0636835_12-148,The Curious Case Of Natalia Grace,US ,GZMzkigSG85fDVQEAACJP,2023.0,
77,US - 0636835_12-148,Paris Saint-Germain vs Juventus Turin,US ,GYwzubALBXBEHXQEAAAd5,2022.0,
96,US - 0636835_12-148,Dangerous Beauty,US ,GY3TCFQAgd8LCwwEAAACC,1998.0,
104,US - 0636835_12-148,Righteous Kill,US ,GYgqB8wG_FAPDwgEAAABQ,2008.0,
105,US - 0636835_12-148,Venus & Vegas,US ,GYF5J7gSejgaavQEAAAK_,2010.0,
93,US - 0636835_12-148,Gus Van Sant's Last Days,US ,GVYFUagFuiizCKRAJADCt,2005.0,movie
94,US - 0636835_12-148,Malmo FF vs Juventus Turin,US ,GYS0OIA2G8SqXugEAAAAI,2021.0,
102,US - 0636835_12-148,The Famous Five and the Valley of Dinosaurs,US ,GYlZp7wktxY7CwwEAAAAn,2018.0,
0,Un Peque�o Corte -  HBO_HBOMax,Un Pequeño Corte,Corte,GZNO1rwbgLJaQVgEAAAA0,2023.0,movie
10,Under the Stars - HBOMax,Bajo el mismo techo (Under the Same Roof),Under the,GXqMVdAE34cLDwgEAAAAu,2020.0,
7,Under the Stars - HBOMax,Under the Skin,Under the,GYscldgW690qupQEAAAJN,2014.0,movie
17,Under the Stars - HBOMax,Under the Silver Lake,Under the,GYk6yHgGui7KMcQEAAAE2,2019.0,movie
16,Under the Stars - HBOMax,Under the Fig Trees,Under the,GY_ON6AojcLDCLQEAAAJr,2021.0,
15,Under the Stars - HBOMax,Under the Eiffel Tower,Under the,GYF5HYgMrqAE1sQEAAAAU,2019.0,
14,Under the Stars - HBOMax,Under the Volcano,Under the,GXmlSmw5-TcNVoAEAAASM,1984.0,movie
13,Under the Stars - HBOMax,Love Under the Olive Tree,Under the,GYfmXJwvzXD2HMwEAAAHM,2020.0,
11,Under the Stars - HBOMax,Cloud Under the Roof,Under the,GY_6CTAs4RgnCZwEAABFy,2022.0,
12,Under the Stars - HBOMax,Under the Skin,Under the,GYf3w_AbveMMNwgEAAAGG,2019.0,
2,Under the Stars - HBOMax,Under the stars: Road-Trip in Drive-In Country,Under the,GY2TtYAxsj8PCwwEAAAEb,2022.0,
5,Under the Stars - HBOMax,A Woman Under the Influence,Under the,GXmlShwzCcp4_wwEAADBg,1974.0,movie
3,Under the Stars - HBOMax,Under The Grapefruit Tree: The CC Sabathia Story,Under the,GX8eElQuhI5-0fQEAAAAF,2020.0,movie
1,Under the Stars - HBOMax,A Woman Under the Influence,Under the,GXSycbgLdfpVLqQEAAA_Q,1975.0,
0,Under the Stars - HBOMax,Under the Grapefruit Tree: CC Sabathia: Trailer - Premieres Dec. 22,Under the,GX9k9ngtztglRwgEAAAIM,2020.0,
9,Under the Stars - HBOMax,Batman: Under the Red Hood,Under the,GXdu2TwYW3puAuwEAADaL,2010.0,movie
4,Under the Stars - HBOMax,Under the Cherry Moon,Under the,GYh1QeAcdN8LCwwEAAAB9,1986.0,movie
6,Under the Stars - HBOMax,Under the Same Moon,Under the,GYyCbqAYKo6wegAEAAAGI,2008.0,movie
8,Under the Stars - HBOMax,Under the Stars,Under the,GY4cJhAj9w5fDVQEAAANm,2022.0,movie
0,United Shades Of America S1,United Shades of America,United Shades,GXcoLFgq8FpuAuwEAAAOi,2019.0,
0,"Unsinkable Molly Brown, The",The Unsinkable Molly Brown,Unsinkable Molly Brown,GYnAUpQf7_MMTwgEAAAAD,1964.0,movie
0,We Bare Bears (Co Ex Price),We Bare Bears,We Bare,GXji44gbd1I7CZgEAAAjR,2018.0,episode
2,We Bare Bears (Co Ex Price),We Bare Bears: The Movie,We Bare,GX_PTlgwwZLa8wwEAAAAm,2019.0,movie
0,We Will Rise: Michelle Obama's Misssion to Educate Girls Around the World,We Will Rise: Michelle Obama’s Mission to Educate Girls Around the World,We Will,GXdhkNgc5eMPCwwEAADS1,2016.0,
0,Weapons (NL),A Choice of Weapons: Inspired by Gordon Parks,Weapons,GYYFQrgoUvcLCVgEAAAAH,2021.0,movie
0,"Wedding Singer, The",The Wedding Singer,Wedding Singer,GXyINwwb5IMJ6pQEAAAAU,1998.0,movie
7,Welcome to Utmark (AKA Wilderness),Welcome to Sarajevo,Welcome to,GXm_idQKOi8NVoAEAABot,1997.0,
12,Welcome to Utmark (AKA Wilderness),Welcome to Sudden Death,Welcome to,GYUAxsgRpJZWewgEAAABi,2020.0,
11,Welcome to Utmark (AKA Wilderness),Resident Evil: Welcome to Raccoon City,Welcome to,GYoYI_Ar1Z6ykwgEAAAAC,2021.0,
10,Welcome to Utmark (AKA Wilderness),Welcome to Mooseport,Welcome to,GWbg0vgbyKIy_ngEAAACp,2004.0,movie
9,Welcome to Utmark (AKA Wilderness),Welcome to Me,Welcome to,GYJH2JAyxHgaSsQEAAAHg,2015.0,
8,Welcome to Utmark (AKA Wilderness),Alan Partridge: Welcome to the Places of My Life,Welcome to,GXqRuHASHRxqYwgEAAAE3,2012.0,
13,Welcome to Utmark (AKA Wilderness),Welcome to the Dollhouse,Welcome to,GYkyJgweSAcLDEAEAAAAD,1995.0,
6,Welcome to Utmark (AKA Wilderness),Welcome to Chechnya,Welcome to,GXr8Ocg88_cLCAAEAAARx,2020.0,movie
4,Welcome to Utmark (AKA Wilderness),Welcome to Chechnya,Welcome to,GYf3vpw8C68IebgEAAABy,2020.0,
3,Welcome to Utmark (AKA Wilderness),Welcome to Marwen,Welcome to,GXSd5vQQ_Yr29bAEAAALT,2018.0,
2,Welcome to Utmark (AKA Wilderness),Welcome to Utmark,Welcome to,GYT4HFg1u3QdewgEAAATr,2021.0,
1,Welcome to Utmark (AKA Wilderness),Welcome to the Punch,Welcome to,GYozxOgIQEX-zwgEAAAD9,2013.0,
0,Welcome to Utmark (AKA Wilderness),Welcome to Collinwood,Welcome to,GYQwabAevUVOPnAEAAAAH,2002.0,
5,Welcome to Utmark (AKA Wilderness),Jumanji: Welcome to the Jungle,Welcome to,GYWpjDAgtkQi6kwEAAACI,2017.0,
0,"West Wing, The",The West Wing,West Wing,GX5nwgQDNJZ6aoQEAAAHJ,2004.0,episode
7,"West Wing, The",West Wing Special: Trailer - Premieres October 15,West Wing,GX39P2gEu0yYdNAEAAASf,2020.0,
