,Cost_ID,TITLE_ID,TITLE,SEASON_LEVEL,SEASON_NUMBER,SEASON_FANOUT,MAPPING_TYPE,SOURCE_TITLE_NAME,CONTENT_TYPE,STUDIO,STATUS,AVAIL,REMOVAL_DATE,PROJECT_ID,KIDS_FAMILY,HUB,AIR_YEAR,MAX_SERIES_ID,MAX_MAPPING_TYPE,LOAD_TIMESTAMP,MAPPING_TYPE_TEMP,Assigned Person,search_title
4948,MAX-OP-000227,,,,,,,Gordita Chronicles S1,Kids Content Original,SONY TV,Committed,,,DTC1278,No,Max OP,2022,,,11/3/23,0,Tiffany,Gordita Chronicles
4949,HBO-OP-000935,,,,,,,Gorilla and the Bird S1,Drama Series Original,,Uncommitted,,,WCF-10019901,No,HBO OP,,,,11/3/23,0,Tiffany,Gorilla and
4954,MAX-OP-000117,,,,,,,Gossip Girl S1,Drama Series Original,WBTV,Committed,,,DTC1008,No,Max OP,2021,,,11/3/23,0,Tiffany,Gossip Girl
4955,MAX-OP-000312,,,,,,,Gossip Girl S2,Drama Series Original,WBTV,Committed,,,DTC1275,No,Max OP,2022,,,11/3/23,0,Tiffany,Gossip Girl
4959,MAX-AQ-001775,,,,,,,Gotham Knights Season 1,Drama Series Acquired,WB,Committed,7/28/23,,,No,Max Acquired,2023,,,11/3/23,0,Tiffany,Gotham Knights
4960,MAX-AQ-001776,,,,,,,Gotham Knights Season 2,Drama Series Acquired,WB,Committed,,,,No,Max Acquired,1900,,,11/3/23,0,Tiffany,Gotham Knights
4961,MAX-AQ-001777,,,,,,,Gotham Knights Season 3,Drama Series Acquired,WB,Committed,,,,No,Max Acquired,1900,,,11/3/23,0,Tiffany,Gotham Knights
4962,MAX-AQ-001778,,,,,,,Gotham Knights Season 4,Drama Series Acquired,WB,Committed,,,,No,Max Acquired,1900,,,11/3/23,0,Tiffany,Gotham Knights
4984,MAX-AQ-005325,,,,,,,"Great American Pastime, The",Movies Acquired,WB,Committed,7/1/22,,,No,Max Acquired,2022,,,11/3/23,0,Tiffany,Great American Pastime
4985,MAX-AQ-002826,,,,,,,"Great Caruso, The",Movies Acquired,WB,Committed,7/1/21,,,No,Max Acquired,2021,,,11/3/23,0,Tiffany,Great Caruso
4986,MAX-AQ-006208,,,,,,,"Great Gatsby, The",Movies Acquired,WB,Committed,2/1/23,,,No,Max Acquired,2023,,,11/3/23,0,Tiffany,Great Gatsby
4987,HBO-OP-000849,,,,,,,Great Photo Lovely Life,Documentary Feature Original,,Committed,,,WCF-10023087,No,HBO OP,2023,,,11/3/23,0,Tiffany,Great Photo Lovely Life
4988,MAX-AQ-001638,,,,,,,Great Pottery Throwdown Season 1-3 (S5 Fee Bump),Unscripted Acquired,LOVE PRODUCTIONS,Committed,4/14/22,,,No,Max Acquired,2022,,,11/3/23,0,Tiffany,Great Pottery
4989,MAX-AQ-001637,,,,,,,Great Pottery Throwdown Season 4,Unscripted Acquired,LOVE PRODUCTIONS,Committed,4/1/21,,,No,Max Acquired,2021,,,11/3/23,0,Tiffany,Great Pottery
4990,MAX-AQ-001639,,,,,,,Great Pottery Throwdown Season 5,Unscripted Acquired,LOVE PRODUCTIONS,Committed,4/14/22,,,No,Max Acquired,2022,,,11/3/23,0,Tiffany,Great Pottery
4991,MAX-AQ-005784,,,,,,,Great Pottery Throwdown Season 6,Movies Acquired,LOVE PRODUCTIONS,Uncommitted,10/1/23,,,No,Max Acquired,2023,,,11/3/23,0,Tiffany,Great Pottery
4992,MAX-AQ-001636,,,,,,,Great Pottery Throwdown Seasons 1-3,Unscripted Acquired,LOVE PRODUCTIONS,Committed,9/17/20,,,No,Max Acquired,2020,,,11/3/23,0,Tiffany,Great Pottery
4993,MAX-AQ-005326,,,,,,,"Great Race, The",Movies Acquired,WB,Committed,2/1/22,,,No,Max Acquired,2022,,,11/3/23,0,Tiffany,Great Race
4994,MAX-AQ-006209,,,,,,,"Great Race, The",Movies Acquired,WB,Committed,4/1/23,,,No,Max Acquired,2023,,,11/3/23,0,Tiffany,Great Race
4995,MAX-AQ-002827,,,,,,,"Great Santini, The",Movies Acquired,WB,Committed,10/1/21,,,No,Max Acquired,2021,,,11/3/23,0,Tiffany,Great Santini
4996,MAX-AQ-003366,,,,,,,"Great Ziegfeld, The",Movies Acquired,WB,Committed,1/1/22,,,No,Max Acquired,2022,,,11/3/23,0,Tiffany,Great Ziegfeld
4997,MAX-AQ-006210,,,,,,,"Great Ziegfeld, The",Movies Acquired,WB,Committed,1/1/23,,,No,Max Acquired,2023,,,11/3/23,0,Tiffany,Great Ziegfeld
4998,MAX-OP-000987,,,,,,,Greatest Space S1,"Development, Overall Deals, Other",,Committed,,,DTC1034,No,Max OP,2021,,,11/3/23,0,Tiffany,Greatest Space
4999,MAX-AQ-002828,,,,,,,"Green Berets, The",Movies Acquired,WB,Committed,10/1/21,,,No,Max Acquired,2021,,,11/3/23,0,Tiffany,Green Berets
5000,MAX-AQ-005327,,,,,,,"Green Berets, The",Movies Acquired,WB,Committed,9/1/22,,,No,Max Acquired,2022,,,11/3/23,0,Tiffany,Green Berets
5007,MAX-AQ-003090,,,,,,,Green Lantern (2011),Movies Acquired,WB,Committed,9/1/21,,,No,Max Acquired,2021,,,11/3/23,0,Tiffany,Green Lantern
5008,MAX-AQ-001128,,,,,,,Green Lantern (2011),Movies Acquired,WB,Committed,,,,No,Max Acquired,1900,,,11/3/23,0,Tiffany,Green Lantern
5009,MAX-AQ-003202,,,,,,,Green Lantern (2011),Movies Acquired,WB,Committed,6/1/21,,,No,Max Acquired,2021,,,11/3/23,0,Tiffany,Green Lantern
5010,MAX-AQ-006976,,,,,,,Green Lantern (2011),Movies Acquired,WB,Uncommitted,12/23/24,,,No,Max Acquired,2024,,,11/3/23,0,Tiffany,Green Lantern
5011,MAX-AQ-006211,,,,,,,Green Lantern (2011),Movies Acquired,WB,Committed,1/1/23,,,No,Max Acquired,2023,,,11/3/23,0,Tiffany,Green Lantern
5012,MAX-AQ-003367,,,,,,,Green Lantern (2011),Movies Acquired,WB,Committed,6/1/22,,,No,Max Acquired,2022,,,11/3/23,0,Tiffany,Green Lantern
5013,MAX-AQ-003812,,,,,,,Green Lantern (2011),Movies Acquired,WB,Committed,12/1/22,,,No,Max Acquired,2022,,,11/3/23,0,Tiffany,Green Lantern
5014,MAX-AQ-004522,,,,,,,Green Lantern (2011),Movies Acquired,WB,Committed,1/1/22,,,No,Max Acquired,2022,,,11/3/23,0,Tiffany,Green Lantern
5015,MAX-AQ-004523,,,,,,,Green Lantern (2011),Movies Acquired,WB,Committed,9/1/22,,,No,Max Acquired,2022,,,11/3/23,0,Tiffany,Green Lantern
5016,MAX-AQ-004026,,,,,,,Green Lantern (2011),Movies Acquired,WB,Committed,2/1/22,,,No,Max Acquired,2022,,,11/3/23,0,Tiffany,Green Lantern
5033,MAX-AQ-006215,,,,,,,"Green Mile, The",Movies Acquired,WB,Committed,4/1/23,,,No,Max Acquired,2023,,,11/3/23,0,Tiffany,Green Mile
5034,MAX-AQ-004529,,,,,,,"Green Mile, The",Movies Acquired,WB,Committed,6/1/22,,,No,Max Acquired,2022,,,11/3/23,0,Tiffany,Green Mile
5035,MAX-AQ-005222,,,,,,,"Green Mile, The",Movies Acquired,WB,Committed,5/1/22,,,No,Max Acquired,2022,,,11/3/23,0,Tiffany,Green Mile
5036,MAX-AQ-004027,,,,,,,"Green Mile, The",Movies Acquired,WB,Committed,3/1/22,,,No,Max Acquired,2022,,,11/3/23,0,Tiffany,Green Mile
5037,MAX-AQ-003942,,,,,,,"Green Mile, The",Movies Acquired,WB,Committed,11/1/22,,,No,Max Acquired,2022,,,11/3/23,0,Tiffany,Green Mile
5038,MAX-AQ-003941,,,,,,,"Green Mile, The",Movies Acquired,WB,Committed,9/1/22,,,No,Max Acquired,2022,,,11/3/23,0,Tiffany,Green Mile
5039,MAX-AQ-001131,,,,,,,"Green Mile, The",Movies Acquired,WB,Committed,,,,No,Max Acquired,1900,,,11/3/23,0,Tiffany,Green Mile
5040,MAX-AQ-006216,,,,,,,"Green Mile, The",Movies Acquired,WB,Committed,5/1/23,,,No,Max Acquired,2023,,,11/3/23,0,Tiffany,Green Mile
5041,MAX-AQ-003049,,,,,,,"Green Mile, The",Movies Acquired,WB,Committed,3/1/21,,,No,Max Acquired,2021,,,11/3/23,0,Tiffany,Green Mile
5042,MAX-AQ-004530,,,,,,,"Green Mile, The",Movies Acquired,WB,Committed,10/1/22,,,No,Max Acquired,2022,,,11/3/23,0,Tiffany,Green Mile
5043,MAX-AQ-003117,,,,,,,"Green Mile, The",Movies Acquired,WB,Committed,10/1/21,,,No,Max Acquired,2021,,,11/3/23,0,Tiffany,Green Mile
5044,MAX-AQ-003622,,,,,,,"Green Mile, The",Movies Acquired,WB,Committed,9/1/21,,,No,Max Acquired,2021,,,11/3/23,0,Tiffany,Green Mile
5045,MAX-AQ-003623,,,,,,,"Green Mile, The",Movies Acquired,WB,Committed,11/1/21,,,No,Max Acquired,2021,,,11/3/23,0,Tiffany,Green Mile
5046,MAX-AQ-003813,,,,,,,"Green Mile, The",Movies Acquired,WB,Committed,12/1/21,,,No,Max Acquired,2021,,,11/3/23,0,Tiffany,Green Mile
5047,MAX-AQ-000819,,,,,,,"Green Pastures, The",Movies Acquired,WB,Committed,,,,No,Max Acquired,1900,,,11/3/23,0,Tiffany,Green Pastures
5048,MAX-AQ-007444,,,,,,,Greenlight German Genius - HBOMax,International Content Original,HBO INT. - SERIES,Committed,5/23/23,,,No,Max Acquired,2023,,,11/3/23,0,Tiffany,Greenlight German
5089,MAX-OP-000264,,,,,,,Gremlins: Secrets of the Mogwai S1,Kids Content Original,WB,Committed,,,DTC1014,Yes,Max OP,2023,,,11/3/23,0,Tiffany,Secrets of the Mogwai
5090,MAX-OP-000436,,,,,,,Gremlins: Secrets of the Mogwai S2A,Kids Content Original,WB,Committed,,,HKF0009,Yes,Max OP,2024,,,11/3/23,0,Tiffany,Secrets of the Mogwai
5091,MAX-OP-001005,,,,,,,Gremlins: Secrets of the Mogwai S2B,Kids Content Original,WB,Committed,,,GREMLINS2B,Yes,Max OP,2025,,,11/3/23,0,Tiffany,Secrets of the Mogwai
5092,MAX-OP-000896,,,,,,,Gremlins: Secrets of the Mogwai S3 / TBD Series,Kids Content Original,WB,Uncommitted,,,GREMLINS3,Yes,Max OP,2025,,,11/3/23,0,Tiffany,Secrets of the Mogwai
5093,MAX-AQ-001134,,,,,,,Greystoke: The Legend of Tarzan,Movies Acquired,WB,Committed,,,,No,Max Acquired,1900,,,11/3/23,0,Tiffany,The Legend of Tarzan
5094,MAX-AQ-007843,,,,,,,"Grim Adventures of Billy & Mandy, The",Kids Content Acquired,CN,Committed,1/1/24,,,Yes,Max Acquired,2024,,,11/3/23,0,Tiffany,Grim Adventures of Billy
5095,MAX-AQ-007859,,,,,,,"Grim Adventures of Billy & Mandy, The",Kids Content Acquired,CN,Uncommitted,1/1/25,,,Yes,Max Acquired,2025,,,11/3/23,0,Tiffany,Grim Adventures of Billy
5096,MAX-AQ-007315,,,,,,,"Grim Adventures of Billy & Mandy, The",Kids Content Acquired,CN,Uncommitted,1/1/26,,,Yes,Max Acquired,2026,,,11/3/23,0,Tiffany,Grim Adventures of Billy
5097,MAX-AQ-001978,,,,,,,"Grim Adventures of Billy and Mandy, The",Kids Content Acquired,CN,Committed,1/1/21,,,Yes,Max Acquired,2021,,,11/3/23,0,Tiffany,Grim Adventures of Billy
5112,MAX-AQ-002202,,,,,,,Gumball - Darwin's Yearbook,Kids Content Acquired,CN,Committed,11/1/21,,,Yes,Max Acquired,2021,,,11/3/23,0,Tiffany,Gumball
5116,MAX-AQ-006233,,,,,,,"Guy Named Joe, A",Movies Acquired,WB,Committed,2/1/23,,,No,Max Acquired,2023,,,11/3/23,0,Tiffany,Guy Named Joe
5117,MAX-AQ-000821,,,,,,,"Guy Named Joe, A",Movies Acquired,WB,Committed,,,,No,Max Acquired,1900,,,11/3/23,0,Tiffany,Guy Named Joe
5118,MAX-AQ-000080,,,,,,,Guys And Dolls (Library),Movies Acquired,MIRAMAX FILMS/FILMYARD HOLDINGS,Committed,,,,No,Max Acquired,1900,,,11/3/23,0,Tiffany,Guys And Dolls
5122,MAX-OP-000158,,,,,,,HA Comedy Festival #2,Special Original,NCP,Committed,,,DTC1242,No,Max OP,2021,,,11/3/23,0,Tiffany,HA Comedy 
5124,Do not use 673,,,,,,,HABLA LOUD (HABLA NOW) [0652081_21-170],Movies Acquired,3RD PARTY,Committed,10/1/22,,,,HBO Acquired,2022,,,11/3/23,0,Tiffany,HABLA LOUD
5129,Do not use 455,,,,,,,HACKERVILLE (EPS 1-6),Movies Acquired,INTERCOMPANY,Committed,7/1/19,,,,HBO Acquired,2019,,,11/3/23,0,Tiffany,HACKERVILLE 
5130,Do not use 4836,,,,,,,HACKERVILLE (EPS 1-6),Movies Acquired,INTERCOM,Committed,7/1/19,,,,HBO Acquired,2019,,,11/3/23,0,Tiffany,HACKERVILLE
5133,Do not use 4375,,,,,,,HAIL SATAN?,Movies Acquired,MAGNOLIA,Committed,7/1/26,,,,HBO Acquired,2026,,,11/3/23,0,Tiffany,HAIL SATAN?
5134,Do not use 4233,,,,,,,HAIL SATAN?,Movies Acquired,MAGNOLIA,Committed,1/1/24,,,,HBO Acquired,2024,,,11/3/23,0,Tiffany,HAIL SATAN?
5135,Do not use 1021,,,,,,,"HAIL, CAESAR!",Movies Acquired,3RD-PARTY,Committed,3/1/19,,,,HBO Acquired,2019,,,11/3/23,0,Tiffany,"HAIL, CAESAR!"
5138,Do not use 5825,,,,,,,HALF BROTHERS - 0646678_12-148,Movies Acquired,UNI,Committed,8/1/21,,,,HBO Acquired,2021,,,11/3/23,0,Tiffany,HALF BROTHERS
5141,Do not use 4675,,,,,,,HALFWORLDS S1 (EPS 1 - 8),Movies Acquired,INTERCOM,Committed,11/1/17,,,,HBO Acquired,2017,,,11/3/23,0,Tiffany,HALFWORLDS
5142,Do not use 421,,,,,,,HALFWORLDS S1 (EPS 1 - 8),Movies Acquired,INTERCOMPANY,Committed,11/1/17,,,,HBO Acquired,2017,,,11/3/23,0,Tiffany,HALFWORLDS
5143,Do not use 422,,,,,,,HALFWORLDS S2 (EPS 9 - 16),Movies Acquired,INTERCOMPANY,Committed,11/1/17,,,,HBO Acquired,2017,,,11/3/23,0,Tiffany,HALFWORLDS
5144,Do not use 4676,,,,,,,HALFWORLDS S2 (EPS 9 - 16),Movies Acquired,INTERCOM,Committed,11/1/17,,,,HBO Acquired,2017,,,11/3/23,0,Tiffany,HALFWORLDS
5149,Do not use 3159,,,,,,,HALLOWEEN H2O: 20 YEARS LATER,Movies Acquired,MIRAMAX,Committed,10/1/25,,,,HBO Acquired,2025,,,11/3/23,0,Tiffany,HALLOWEEN H2O
5151,Do not use 3770,,,,,,,HALLOWEEN III SEASON OF THE WITCH,Movies Acquired,UNIVERSAL,Committed,6/1/19,,,,HBO Acquired,2019,,,11/3/23,0,Tiffany,SEASON OF THE WITCH
5154,Do not use 3160,,,,,,,HALLOWEEN: RESURRECTION,Movies Acquired,MIRAMAX,Committed,10/1/25,,,,HBO Acquired,2025,,,11/3/23,0,Tiffany,"HALLOWEEN, RESURRECTION"
5155,Do not use 3158,,,,,,,HALLOWEEN: THE CURSE OF MICHAEL MYERS,Movies Acquired,MIRAMAX,Committed,10/1/25,,,,HBO Acquired,2025,,,11/3/23,0,Tiffany,CURSE OF MICHAEL MYERS
5156,Do not use 2483,,,,,,,HANDS OF STONE,Movies Acquired,LIONS GATE,Committed,1/1/27,,,,HBO Acquired,2027,,,11/3/23,0,Tiffany,HANDS OF STONE
5157,Do not use 2898,,,,,,,HANG EM HIGH,Movies Acquired,MGM,Committed,7/1/23,,,,HBO Acquired,2023,,,11/3/23,0,Tiffany,HANG EM HIGH
5164,MAX-AQ-000229,,,,,,,HAPPILY N'EVER AFTER 2: SNOW WHITE,Movies Acquired,"LIONS GATE ENTERTAINMENT, INC.",Committed,5/1/22,,,No,Max Acquired,2022,,,11/3/23,0,Tiffany,HAPPILY N'EVER
5165,Do not use 4902,,,,,,,HAPPILY NEVER AFTER,Movies Acquired,LIONS GATE,Committed,,,,,HBO Acquired,2021,,,11/3/23,0,Tiffany,HAPPILY NEVER AFTER
5166,Do not use 2171,,,,,,,HAPPILY NEVER AFTER,Movies Acquired,LIONS GATE,Committed,1/1/21,,,,HBO Acquired,2021,,,11/3/23,0,Tiffany,HAPPILY NEVER AFTER
5167,Do not use 2172,,,,,,,HAPPILY NEVER AFTER 2: SNOW WHITE,Movies Acquired,LIONS GATE,Committed,1/1/21,,,,HBO Acquired,2021,,,11/3/23,0,Tiffany,HAPPILY NEVER
5168,Do not use 5171,,,,,,,HAPPILY NEVER AFTER 2: SNOW WHITE,Movies Acquired,LIONS GATE,Committed,,,,,HBO Acquired,2021,,,11/3/23,0,Tiffany,HAPPILY NEVER
5181,Do not use 4666,,,,,,,HARD S1 (EPS 1-6),Movies Acquired,INTERCOM,Committed,5/1/20,,,,HBO Acquired,2020,,,11/3/23,0,Tiffany,HARD
5182,Do not use 511,,,,,,,HARD S1 (EPS 1-6),Movies Acquired,INTERCOMPANY,Committed,5/1/20,,,,HBO Acquired,2020,,,11/3/23,0,Tiffany,HARD
5183,Do not use 4619,,,,,,,HARD S2 (EPS 7-12),Movies Acquired,INTERCOM,Committed,3/1/21,,,,HBO Acquired,2021,,,11/3/23,0,Tiffany,HARD
5184,Do not use 528,,,,,,,HARD S2 (EPS 7-12),Movies Acquired,INTERCOMPANY,Committed,3/1/21,,,,HBO Acquired,2021,,,11/3/23,0,Tiffany,HARD
5185,Do not use 4552,,,,,,,HARD S3 (EPS 13-18),Movies Acquired,INTERCOM,Committed,8/1/21,,,,HBO Acquired,2021,,,11/3/23,0,Tiffany,HARD
5186,Do not use 529,,,,,,,HARD S3 (EPS 13-18),Movies Acquired,INTERCOMPANY,Committed,8/1/21,,,,HBO Acquired,2021,,,11/3/23,0,Tiffany,HARD
5191,Do not use 730,,,,,,,HARINA (AKA FLOUR),Movies Acquired,3RD PARTY,Committed,10/1/20,,,,HBO Acquired,2020,,,11/3/23,0,Tiffany,HARINA  
5199,Do not use 5959,,,,,,,HARRIET - 0642818_12-148,Movies Acquired,UNI,Committed,7/1/20,,,,HBO Acquired,2020,,,11/3/23,0,Tiffany,HARRIET
5205,Do not use 5144,,,,,,,HARTS WAR,Movies Acquired,MGM,Committed,,,,,HBO Acquired,2021,,,11/3/23,0,Tiffany,HARTS WAR
5206,Do not use 2789,,,,,,,HARTS WAR,Movies Acquired,MGM,Committed,9/1/21,,,,HBO Acquired,2021,,,11/3/23,0,Tiffany,HARTS WAR
5207,MAX-AQ-000125,,,,,,,"HAUNTING, THE",Movies Acquired,PARAMOUNT PICTURES,Committed,,,,No,Max Acquired,1900,,,11/3/23,0,Tiffany,HAUNTING
5218,MAX-AQ-000230,,,,,,,HAZLO COMO HOMBRE,Movies Acquired,"LIONS GATE ENTERTAINMENT, INC.",Committed,11/13/22,,,No,Max Acquired,2022,,,11/3/23,0,Tiffany,HAZLO COMO HOMBRE
5219,HBO-OP-000784,,,,,,,HBO Development Committed,"Development, Overall Deals, Other",,Committed,,,WCF-HBO Development Committed,No,HBO OP,,,,11/3/23,0,Tiffany,
5220,HBO-OP-000785,,,,,,,HBO Development Uncommitted,"Development, Overall Deals, Other",,Uncommitted,,,WCF-HBO Development Uncommitted,No,HBO OP,,,,11/3/23,0,Tiffany,
5221,HBO-OP-000775,,,,,,,HBO Films Development,"Development, Overall Deals, Other",,Committed,,,WCF-HBO Films Development,No,HBO OP,,,,11/3/23,0,Tiffany,
5222,MAX-OP-000697,,,,,,,HBO Max Scripted Development ,"Development, Overall Deals, Other",,Committed,,,2023TOTALDEV,No,Max OP,,,,11/3/23,0,Tiffany,
5223,HBO-OP-000778,,,,,,,HBO Mini Series Development,"Development, Overall Deals, Other",,Committed,,,WCF-HBO Mini Series Development,No,HBO OP,,,,11/3/23,0,Tiffany,
5224,HBO-OP-000782,,,,,,,HBO Mini Series and Films Catalog,"Development, Overall Deals, Other",,Committed,,,WCF-HBO Mini Series and Films Catalog,No,HBO OP,,,,11/3/23,0,Tiffany,
5225,HBO-OP-000779,,,,,,,HBO OCI,"Development, Overall Deals, Other",,Uncommitted,,,WCF-HBO OCI,No,HBO OP,,,,11/3/23,0,Tiffany,
5226,HBO-OP-000996,,,,,,,HBO OP 2021 Actuals Plug,"Development, Overall Deals, Other",,Committed,,,HBO OP 2021 Actuals Plug,No,HBO OP,,,,11/3/23,0,Tiffany,
5227,HBO-OP-000783,,,,,,,HBO Series Catalog - OP,"Development, Overall Deals, Other",,Uncommitted,,,WCF-HBO Series Catalog - OP,No,HBO OP,,,,11/3/23,0,Tiffany,
5228,HBO-OP-000524,,,,,,,HBO Series Contingency,"Development, Overall Deals, Other",,Uncommitted,,,WCF-HBO Series Contingency,No,HBO OP,2024,,,11/3/23,0,Tiffany,
5229,HBO-OP-000525,,,,,,,HBO Series Development,"Development, Overall Deals, Other",,Committed,,,WCF-HBO Series Development,No,HBO OP,2024,,,11/3/23,0,Tiffany,
5230,HBO-OP-000644,,,,,,,HBO Series Miscellaneous Operating Expenses,"Development, Overall Deals, Other",,Committed,,,WCF-HBO Series Miscellaneous Operating Expenses,No,HBO OP,,,,11/3/23,0,Tiffany,
5231,HBO-OP-000526-P,,,,,,,HBO TBD Pilot,"Development, Overall Deals, Other",,Uncommitted,,,HBO TBD Pilot,No,HBO OP,2024,,,11/3/23,0,Tiffany,
5232,Do not use 377,,,,,,,HBO/WB Pay 1 Co-Exclusive Discount,Movies Acquired,WB,Committed,,,,,HBO Acquired,,,,11/3/23,0,Tiffany,
5235,Do not use 5609,,,,,,,HE SAID SHE SAID,Movies Acquired,PARAMOUNT,Committed,,,,,HBO Acquired,2021,,,11/3/23,0,Tiffany,HE SAID she said
5236,Do not use 3275,,,,,,,HE SAID SHE SAID,Movies Acquired,PARAMOUNT,Committed,1/1/21,,,,HBO Acquired,2021,,,11/3/23,0,Tiffany,HE SAID she said
5239,Do not use 4844,,,,,,,HEAD FULL OF HONEY - 0639616_13-108.1,Movies Acquired,WB,Committed,11/1/19,,,,HBO Acquired,2019,,,11/3/23,0,Tiffany,HEAD FULL OF HONEY
5241,Do not use 446,,,,,,,HEAD OVER HEELS (AZ PO USI) S1 (EPS 1-13) - CZECH,Movies Acquired,INTERCOMPANY,Committed,6/1/18,,,,HBO Acquired,2018,,,11/3/23,0,Tiffany,HEAD OVER HEELS
5242,Do not use 4642,,,,,,,HEAD OVER HEELS (AZ PO USI) S1 (EPS 1-13) - CZECH,Movies Acquired,INTERCOM,Committed,6/1/18,,,,HBO Acquired,2018,,,11/3/23,0,Tiffany,HEAD OVER HEELS
5243,Do not use 4610,,,,,,,HEAD OVER HEELS (AZ PO USI) S2 (EPS 14-23) - CZECH,Movies Acquired,INTERCOM,Committed,6/1/18,,,,HBO Acquired,2018,,,11/3/23,0,Tiffany,HEAD OVER HEELS
5244,Do not use 447,,,,,,,HEAD OVER HEELS (AZ PO USI) S2 (EPS 14-23) - CZECH,Movies Acquired,INTERCOMPANY,Committed,6/1/18,,,,HBO Acquired,2018,,,11/3/23,0,Tiffany,HEAD OVER HEELS
5252,Do not use 3474,,,,,,,HEARTBURN,Movies Acquired,PARAMOUNT,Committed,3/1/23,,,,HBO Acquired,2023,,,11/3/23,0,Tiffany,HEARTBURN
5259,Do not use 5326,,,,,,,HEAVENS GATE,Movies Acquired,MGM,Committed,,,,,HBO Acquired,2021,,,11/3/23,0,Tiffany,HEAVENS GATE
5260,Do not use 2765,,,,,,,HEAVENS GATE,Movies Acquired,MGM,Committed,5/1/21,,,,HBO Acquired,2021,,,11/3/23,0,Tiffany,HEAVENS GATE
5264,Do not use 2473,,,,,,,HELL OR HIGH WATER,Movies Acquired,LIONS GATE,Committed,6/1/26,,,,HBO Acquired,2026,,,11/3/23,0,Tiffany,HELL OR HIGH WATER
5272,Do not use 5824,,,,,,,HELLBOY - 0633179_11-110,Movies Acquired,SUMMIT,Committed,12/1/19,,,,HBO Acquired,2019,,,11/3/23,0,Tiffany,HELLBOY
5273,MAX-AQ-000232,,,,,,,HELLBOY: BLOOD & IRON,Movies Acquired,"LIONS GATE ENTERTAINMENT, INC.",Committed,1/12/21,,,No,Max Acquired,2021,,,11/3/23,0,Tiffany,HELLBOY: BLOOD
5277,Do not use 1680,,,,,,,"HELLO, DOLLY!",Movies Acquired,FOX,Committed,1/1/19,,,,HBO Acquired,2019,,,11/3/23,0,Tiffany,"HELLO, DOLLY!"
5278,Do not use 3110,,,,,,,HELLRAISER III HELL ON EARTH,Movies Acquired,MIRAMAX,Committed,3/1/22,,,,HBO Acquired,2022,,,11/3/23,0,Tiffany,HELLRAISER
5294,Do not use 5781,,,,,,,HERCULES 3D: THE LEGEND BEGINS,Movies Acquired,SUMMIT,Committed,9/1/21,,,,HBO Acquired,2021,,,11/3/23,0,Tiffany,HERCULES 3D
5300,Do not use 489,,,,,,,HEROES COTIDIANOS (EPS 01-06),Movies Acquired,INTERCOMPANY,Committed,9/1/15,,,,HBO Acquired,2015,,,11/3/23,0,Tiffany,HEROES COTIDIANOS
5302,Do not use 876,,,,,,,HIDDEN FIGURES,Movies Acquired,3RD-PARTY,Committed,12/1/25,,,,HBO Acquired,2025,,,11/3/23,0,Tiffany,HIDDEN FIGURES
5308,Do not use 1595,,,,,,,HIGH LIFE,Movies Acquired,A24,Committed,11/1/23,,,,HBO Acquired,2023,,,11/3/23,0,Tiffany,HIGH LIFE
5314,Do not use 3028,,,,,,,HIGHLANDER THE FINAL DIMENSION,Movies Acquired,MIRAMAX,Committed,11/1/19,,,,HBO Acquired,2019,,,11/3/23,0,Tiffany,HIGHLANDER THE
5315,Do not use 481,,,,,,,HIJOS DEL CARNAVAL 01 (AKA FILHOS DO CARNAVAL 01-13) - 2W,Movies Acquired,INTERCOMPANY,Committed,9/1/20,,,,HBO Acquired,2020,,,11/3/23,0,Tiffany,HIJOS DEL CARNAVAL
5317,MAX-AQ-002274,,,,,,,HITCH (2005),Movies Acquired,SONY PICTURES TELEVISION INC.,Committed,10/1/21,,,No,Max Acquired,2021,,,11/3/23,0,Tiffany,HITCH
5320,762025,,,,,,,HITMAN: AGENT 47,Movies Acquired,FOX,Committed,6/1/16,,,,HBO Acquired,2016,,,11/3/23,0,Tiffany,AGENT 47
5321,Do not use 848,,,,,,,HITMAN: AGENT 47,Movies Acquired,3RD-PARTY,Committed,12/1/23,,,,HBO Acquired,2023,,,11/3/23,0,Tiffany,AGENT 47
5322,Do not use 1014,,,,,,,HITMANS WIFES BODYGUARD,Movies Acquired,3RD-PARTY,Committed,1/1/26,,,,HBO Acquired,2026,,,11/3/23,0,Tiffany,HITMANS WIFES BODYGUARD
5323,802238,,,,,,,HITMANS WIFES BODYGUARD,Movies Acquired,SUMMIT,Committed,1/1/22,,,,HBO Acquired,2022,,,11/3/23,0,Tiffany,HITMANS WIFES BODYGUARD
5324,Do not use 5952,,,,,,,HOBBS AND SHAW - 0638573_12-148,Movies Acquired,UNI,Committed,3/14/20,,,,HBO Acquired,2020,,,11/3/23,0,Tiffany,HOBBS AND SHAW
5327,MAX-AQ-004147,,,,,,,"HOLLARS, THE",Movies Acquired,SONY PICTURES TELEVISION INC.,Committed,8/1/23,,,No,Max Acquired,2023,,,11/3/23,0,Tiffany,HOLLARS
5352,MAX-AQ-004205,,,,,,,HOPE SPRINGS (2012),Movies Acquired,SONY PICTURES TELEVISION INC.,Committed,6/1/24,,,No,Max Acquired,2024,,,11/3/23,0,Tiffany,HOPE SPRINGS
5356,Do not use 5869,,,,,,,HORSE SOLDIERS,Movies Acquired,WB,Committed,6/10/21,,,,HBO Acquired,2021,,,11/3/23,0,Tiffany,HORSE SOLDIERS
5363,Do not use 2069,,,,,,,HOSTEL: PART II,Movies Acquired,LIONS GATE,Committed,6/1/19,,,,HBO Acquired,2019,,,11/3/23,0,Tiffany,HOSTEL 
5364,Do not use 2574,,,,,,,HOT AIR,Movies Acquired,LIONS GATE,Committed,9/1/23,,,,HBO Acquired,2023,,,11/3/23,0,Tiffany,HOT AIR
5369,Do not use 2974,,,,,,,HOT TUB TIME MACHINE 2,Movies Acquired,MGM,Committed,11/1/24,,,,HBO Acquired,2024,,,11/3/23,0,Tiffany,HOT TUB
5384,MAX-AQ-004292,,,,,,,"HOUSE BUNNY, THE",Movies Acquired,SONY PICTURES TELEVISION INC.,Committed,4/1/23,,,No,Max Acquired,2023,,,11/3/23,0,Tiffany,HOUSE BUNNY
5385,Do not use 2023,,,,,,,HOUSE OF 1000 CORPSES,Movies Acquired,LIONS GATE,Committed,10/1/18,,,,HBO Acquired,2018,,,11/3/23,0,Tiffany,HOUSE OF
5386,Do not use 2427,,,,,,,HOUSE OF 1000 CORPSES,Movies Acquired,LIONS GATE,Committed,3/1/25,,,,HBO Acquired,2025,,,11/3/23,0,Tiffany,HOUSE OF
5387,MAX-AQ-000237,,,,,,,HOUSE OF 1000 CORPSES,Movies Acquired,"LIONS GATE ENTERTAINMENT, INC.",Committed,4/30/22,,,No,Max Acquired,2022,,,11/3/23,0,Tiffany,HOUSE OF
5388,Do not use 2024,,,,,,,HOUSE OF D,Movies Acquired,LIONS GATE,Committed,10/1/18,,,,HBO Acquired,2018,,,11/3/23,0,Tiffany,HOUSE OF D
5413,MAX-AQ-002276,,,,,,,"HUMAN VOICE, THE",Movies Acquired,SONY PICTURES TELEVISION INC.,Committed,4/30/21,,,No,Max Acquired,2021,,,11/3/23,0,Tiffany,HUMAN VOICE
5422,MAX-AQ-000239,,,,,,,"HUNTING GROUND, THE",Documentary Feature Acquired,"LIONS GATE ENTERTAINMENT, INC.",Committed,10/1/20,,,No,Max Acquired,2020,,,11/3/23,0,Tiffany,HUNTING GROUND
5423,MAX-AQ-000240,,,,,,,"HURT LOCKER, THE",Movies Acquired,"LIONS GATE ENTERTAINMENT, INC.",Committed,6/1/23,,,No,Max Acquired,2023,,,11/3/23,0,Tiffany,HURT LOCKER
5427,MAX-OP-000105,,,,,,,Hacks S1,Comedy Series Original,UNIVERSAL TV,Committed,,,DTC1216,No,Max OP,2021,,,11/3/23,0,Tiffany,Hacks
5428,MAX-OP-000216,,,,,,,Hacks S2,Comedy Series Original,UNIVERSAL TV,Committed,,,DTC1260,No,Max OP,2022,,,11/3/23,0,Tiffany,Hacks
5429,MAX-OP-000380,,,,,,,Hacks S3,Comedy Series Original,UNIVERSAL TV,Committed,,,DTC1354,No,Max OP,2024,,,11/3/23,0,Tiffany,Hacks
5430,MAX-OP-000525,,,,,,,Hacks S4 / TBD,Comedy Series Original,UNIVERSAL TV,Uncommitted,,,DTC1403,No,Max OP,2025,,,11/3/23,0,Tiffany,Hacks  
5435,MAX-AQ-006238,,,,,,,Hairspray (Musical Remake),Movies Acquired,WB,Committed,6/1/23,,,No,Max Acquired,2023,,,11/3/23,0,Tiffany,Hairspray
5436,MAX-AQ-000510,,,,,,,Hairspray (Musical Remake),Movies Acquired,WB,Committed,,,,No,Max Acquired,1900,,,11/3/23,0,Tiffany,Hairspray
5437,MAX-AQ-001138,,,,,,,Hairspray (Musical Remake),Movies Acquired,WB,Committed,,,,No,Max Acquired,1900,,,11/3/23,0,Tiffany,Hairspray
5438,MAX-AQ-002612,,,,,,,Hairspray (Musical Remake),Movies Acquired,WB,Committed,1/1/21,,,No,Max Acquired,2021,,,11/3/23,0,Tiffany,Hairspray
5439,MAX-AQ-003091,,,,,,,Hairspray (Musical Remake),Movies Acquired,WB,Committed,10/1/21,,,No,Max Acquired,2021,,,11/3/23,0,Tiffany,Hairspray
5440,MAX-AQ-003379,,,,,,,Hairspray (Musical Remake),Movies Acquired,WB,Committed,6/1/22,,,No,Max Acquired,2022,,,11/3/23,0,Tiffany,Hairspray
5441,MAX-AQ-005077,,,,,,,Hairspray (Musical Remake),Movies Acquired,WB,Committed,9/1/22,,,No,Max Acquired,2022,,,11/3/23,0,Tiffany,Hairspray
5442,MAX-AQ-005078,,,,,,,Hairspray (Musical Remake),Movies Acquired,WB,Committed,12/1/22,,,No,Max Acquired,2022,,,11/3/23,0,Tiffany,Hairspray
5443,MAX-AQ-006236,,,,,,,Hairspray (Musical Remake),Movies Acquired,WB,Committed,2/1/23,,,No,Max Acquired,2023,,,11/3/23,0,Tiffany,Hairspray
5444,MAX-AQ-006237,,,,,,,Hairspray (Musical Remake),Movies Acquired,WB,Committed,4/1/23,,,No,Max Acquired,2023,,,11/3/23,0,Tiffany,Hairspray
5449,MAX-OP-000138,,,,,,,Halloween Craftopia S2A,Unscripted Original,B17 ENTERTAINMENT,Committed,,,DTC1120,No,Max OP,2021,,,11/3/23,0,Tiffany,Halloween Craftopia
5452,MAX-AQ-006243,,,,,,,"Hangover Part II, The",Movies Acquired,WB,Committed,4/1/23,,,No,Max Acquired,2023,,,11/3/23,0,Tiffany,Hangover Part II
5453,MAX-AQ-003977,,,,,,,"Hangover Part II, The",Movies Acquired,WB,Committed,1/1/22,,,No,Max Acquired,2022,,,11/3/23,0,Tiffany,Hangover Part II
5454,MAX-AQ-003723,,,,,,,"Hangover Part II, The",Movies Acquired,WB,Committed,8/1/21,,,No,Max Acquired,2021,,,11/3/23,0,Tiffany,Hangover Part II
5455,MAX-AQ-006242,,,,,,,"Hangover Part II, The",Movies Acquired,WB,Committed,1/1/23,,,No,Max Acquired,2023,,,11/3/23,0,Tiffany,Hangover Part II
5456,MAX-AQ-006244,,,,,,,"Hangover Part III, The",Movies Acquired,WB,Committed,4/1/23,,,No,Max Acquired,2023,,,11/3/23,0,Tiffany,Hangover Part III
5457,MAX-AQ-003724,,,,,,,"Hangover Part III, The",Movies Acquired,WB,Committed,8/1/21,,,No,Max Acquired,2021,,,11/3/23,0,Tiffany,Hangover Part III
5458,MAX-AQ-003380,,,,,,,"Hangover, The",Movies Acquired,WB,Committed,6/1/22,,,No,Max Acquired,2022,,,11/3/23,0,Tiffany,Hangover
5459,MAX-AQ-003381,,,,,,,"Hangover, The",Movies Acquired,WB,Committed,7/1/22,,,No,Max Acquired,2022,,,11/3/23,0,Tiffany,Hangover
5460,MAX-AQ-003382,,,,,,,"Hangover, The",Movies Acquired,WB,Committed,8/1/22,,,No,Max Acquired,2022,,,11/3/23,0,Tiffany,Hangover
5461,MAX-AQ-004029,,,,,,,"Hangover, The",Movies Acquired,WB,Committed,2/1/22,,,No,Max Acquired,2022,,,11/3/23,0,Tiffany,Hangover
5462,MAX-AQ-003978,,,,,,,"Hangover, The",Movies Acquired,WB,Committed,1/1/22,,,No,Max Acquired,2022,,,11/3/23,0,Tiffany,Hangover
5463,MAX-AQ-006246,,,,,,,"Hangover, The",Movies Acquired,WB,Committed,4/1/23,,,No,Max Acquired,2023,,,11/3/23,0,Tiffany,Hangover
5464,MAX-AQ-007024,,,,,,,"Hangover, The",Movies Acquired,WB,Committed,5/1/23,,,No,Max Acquired,2023,,,11/3/23,0,Tiffany,Hangover
5465,MAX-AQ-006245,,,,,,,"Hangover, The",Movies Acquired,WB,Committed,1/1/23,,,No,Max Acquired,2023,,,11/3/23,0,Tiffany,Hangover
5466,MAX-AQ-004539,,,,,,,"Hangover, The",Movies Acquired,WB,Committed,4/1/22,,,No,Max Acquired,2022,,,11/3/23,0,Tiffany,Hangover
5467,MAX-AQ-004541,,,,,,,"Hangover, The",Movies Acquired,WB,Committed,11/1/22,,,No,Max Acquired,2022,,,11/3/23,0,Tiffany,Hangover
5468,MAX-AQ-003818,,,,,,,"Hangover, The",Movies Acquired,WB,Committed,9/1/22,,,No,Max Acquired,2022,,,11/3/23,0,Tiffany,Hangover
5469,MAX-AQ-004540,,,,,,,"Hangover, The",Movies Acquired,WB,Committed,5/1/22,,,No,Max Acquired,2022,,,11/3/23,0,Tiffany,Hangover
5470,MAX-AQ-001139,,,,,,,"Hangover, The",Movies Acquired,WB,Committed,,,,No,Max Acquired,1900,,,11/3/23,0,Tiffany,Hangover
5471,MAX-AQ-003725,,,,,,,"Hangover, The",Movies Acquired,WB,Committed,8/1/21,,,No,Max Acquired,2021,,,11/3/23,0,Tiffany,Hangover
5472,MAX-AQ-005507,,,,,,,Hank Zipzer - S1-S3 - HBOMax - K&F,Kids Content Acquired,DHX WORLDWIDE (U) LIMITED (INT'L - 0%) - #2,Committed,5/13/22,,,Yes,Max Acquired,2022,,,11/3/23,0,Tiffany,Hank Zipzer
5473,MAX-AQ-005508,,,,,,,Hank Zipzer's Christmas Catastrophe - HBOMax - K&F,Movies Acquired,DHX WORLDWIDE (U) LIMITED (INT'L - 0%) - #2,Committed,5/13/22,,,Yes,Max Acquired,2022,,,11/3/23,0,Tiffany,Hank Zipzer's
5474,MAX-AQ-005509,,,,,,,Hank Zipzer-Spanish Dubs re:S3/Movie - HBOMax K&F,Kids Content Acquired,DHX WORLDWIDE (U) LIMITED (INT'L - 0%) - #2,Committed,12/2/22,,,Yes,Max Acquired,2022,,,11/3/23,0,Tiffany,Hank Zipzer-Spanish
5476,MAX-AQ-002232,,,,,,,Happy Endings (2011),Comedy Series Acquired,SONY PICTURES TELEVISION INC.,Committed,4/1/21,,,No,Max Acquired,2021,,,11/3/23,0,Tiffany,Happy Endings
5500,HBO-OP-000461,,,,,,,Hard Knocks 2022 - In Season S2,Unscripted Original,,Committed,,,Hard Knocks 2022 - In Season S2,No,HBO OP,2022,,,11/3/23,0,Tiffany,Hard Knocks
5501,HBO-OP-001055,,,,,,,Hard Knocks In Season S3,Unscripted Original,,Committed,,,Hard Knocks 2023 - In Season S3,No,HBO OP,2023,,,11/3/23,0,Tiffany,Hard Knocks
5502,HBO-OP-001168,,,,,,,Hard Knocks In Season S4,Unscripted Original,,Committed,,,,No,HBO OP,2024,,,11/3/23,0,Tiffany,Hard Knocks
5503,HBO-OP-001172,,,,,,,Hard Knocks In Season S5,Unscripted Original,,Uncommitted,,,,No,HBO OP,2025,,,11/3/23,0,Tiffany,Hard Knocks
5504,HBO-OP-001207,,,,,,,Hard Knocks In Season S6,Documentary Feature Original,,Uncommitted,,,Sopranos Doc,No,HBO OP,2026,,,11/3/23,0,Tiffany,Hard Knocks
5505,HBO-OP-000433,,,,,,,Hard Knocks S17,Unscripted Original,,Committed,,,SPT: HARDKNOCKS 2022,No,HBO OP,2022,,,11/3/23,0,Tiffany,Hard Knocks
5506,HBO-OP-000507,,,,,,,Hard Knocks S18,Unscripted Original,,Committed,,,SPT: HARDKNOCKS 2023,No,HBO OP,2023,,,11/3/23,0,Tiffany,Hard Knocks
5507,HBO-OP-000563,,,,,,,Hard Knocks S19,Unscripted Original,,Committed,,,SPT: HARDKNOCKS 2024,No,HBO OP,2024,,,11/3/23,0,Tiffany,Hard Knocks
5508,HBO-OP-000610,,,,,,,Hard Knocks S20,Unscripted Original,,Committed,,,SPT: HARDKNOCKS 2025,No,HBO OP,2025,,,11/3/23,0,Tiffany,Hard Knocks
5509,HBO-OP-001215,,,,,,,Hard Knocks S21,Unscripted Original,,Committed,,,SPT: HARDKNOCKS 2025,No,HBO OP,2026,,,11/3/23,0,Tiffany,Hard Knocks
5510,HBO-OP-000113,,,,,,,Hard Truth Ain't It,Documentary Feature Original,,Committed,,,WCF-10019094,No,HBO OP,2019,,,11/3/23,0,Tiffany,Hard Truth Ain't
5513,MAX-AQ-005711,,,,,,,Harley Quinn S1,Adult Animation Original,WB,Committed,8/1/22,,,No,Max Acquired,2022,,,11/3/23,0,Tiffany,Harley Quinn
5514,MAX-AQ-001802,,,,,,,Harley Quinn S1,Adult Animation Original,WB,Committed,8/1/20,,,No,Max Acquired,2020,,,11/3/23,0,Tiffany,Harley Quinn
5515,MAX-AQ-005712,,,,,,,Harley Quinn S2,Adult Animation Original,WB,Committed,8/1/22,,,No,Max Acquired,2022,,,11/3/23,0,Tiffany,Harley Quinn
5516,MAX-AQ-001803,,,,,,,Harley Quinn S2,Adult Animation Original,WB,Committed,8/1/20,,,No,Max Acquired,2020,,,11/3/23,0,Tiffany,Harley Quinn
5517,MAX-OP-000243,,,,,,,Harley Quinn S3,Adult Animation Original,WBA,Committed,,,DTC1203,No,Max OP,2022,,,11/3/23,0,Tiffany,Harley Quinn
5518,MAX-OP-000811,,,,,,,Harley Quinn S3B A Very Problematic Valentine's Day Special,Adult Animation Original,WBA,Committed,,,DTC1371,No,Max OP,2023,,,11/3/23,0,Tiffany,Harley Quinn
5519,MAX-OP-000411,,,,,,,Harley Quinn S4,Adult Animation Original,WBA,Committed,,,DTC1347,No,Max OP,2023,,,11/3/23,0,Tiffany,Harley Quinn
5520,MAX-OP-000551,,,,,,,Harley Quinn S5,Adult Animation Original,WBA,Committed,,,DTC1385,No,Max OP,2024,,,11/3/23,0,Tiffany,Harley Quinn
5533,MAX-OP-000165,,,,,,,Harry Potter 20th Anniversary:  Return to Hogwarts,Kids Content Original,WB,Committed,,,DTC1300,No,Max OP,2022,,,11/3/23,0,Tiffany,Harry Potter 20th Anniversary
5539,MAX-AQ-006854,,,,,,,Harry Potter And The Deathly Hallows Part 1,Movies Acquired,WB,Committed,4/1/23,,,No,Max Acquired,2023,,,11/3/23,0,Tiffany,Harry Potter And The Deathly Hallows
5540,MAX-AQ-002957,,,,,,,Harry Potter And The Deathly Hallows Part 1,Movies Acquired,WB,Committed,6/1/21,,,No,Max Acquired,2021,,,11/3/23,0,Tiffany,Harry Potter And The Deathly Hallows
5541,MAX-AQ-002958,,,,,,,Harry Potter And The Deathly Hallows Part 1,Movies Acquired,WB,Committed,9/1/21,,,No,Max Acquired,2021,,,11/3/23,0,Tiffany,Harry Potter And The Deathly Hallows
5542,MAX-AQ-004320,,,,,,,Harry Potter And The Deathly Hallows Part 1,Movies Acquired,WB,Committed,2/1/22,,,No,Max Acquired,2022,,,11/3/23,0,Tiffany,Harry Potter And The Deathly Hallows
5543,MAX-AQ-004321,,,,,,,Harry Potter And The Deathly Hallows Part 1,Movies Acquired,WB,Committed,11/1/22,,,No,Max Acquired,2022,,,11/3/23,0,Tiffany,Harry Potter And The Deathly Hallows
5544,MAX-AQ-004322,,,,,,,Harry Potter And The Deathly Hallows Part 2,Movies Acquired,WB,Committed,2/1/22,,,No,Max Acquired,2022,,,11/3/23,0,Tiffany,Harry Potter And The Deathly Hallows
5545,MAX-AQ-006855,,,,,,,Harry Potter And The Deathly Hallows Part 2,Movies Acquired,WB,Committed,4/1/23,,,No,Max Acquired,2023,,,11/3/23,0,Tiffany,Harry Potter And The Deathly Hallows
5546,MAX-AQ-002960,,,,,,,Harry Potter And The Deathly Hallows Part 2,Movies Acquired,WB,Committed,9/1/21,,,No,Max Acquired,2021,,,11/3/23,0,Tiffany,Harry Potter And The Deathly Hallows
5547,MAX-AQ-002959,,,,,,,Harry Potter And The Deathly Hallows Part 2,Movies Acquired,WB,Committed,6/1/21,,,No,Max Acquired,2021,,,11/3/23,0,Tiffany,Harry Potter And The Deathly Hallows
5548,MAX-AQ-004323,,,,,,,Harry Potter And The Deathly Hallows Part 2,Movies Acquired,WB,Committed,11/1/22,,,No,Max Acquired,2022,,,11/3/23,0,Tiffany,Harry Potter And The Deathly Hallows
5574,MAX-OP-000609,,,,,,,Harry Potter S1,Drama Series Original,WBTV,Uncommitted,,,DTC1427,No,Max OP,2026,,,11/3/23,0,Tiffany,Harry Potter S1
5575,MAX-AQ-000331,,,,,,,Harry Potter and the Chamber of Secrets�(2002),Movies Acquired,WB,Committed,6/1/20,,,No,Max Acquired,2020,,,11/3/23,0,Tiffany,Harry Potter and the Chamber of Secrets
5576,MAX-AQ-000336,,,,,,,Harry Potter and the Deathly Hallows � Part 1�(2010),Movies Acquired,WB,Committed,6/1/20,,,No,Max Acquired,2020,,,11/3/23,0,Tiffany,Harry Potter and the Deathly Hallows
5577,MAX-AQ-000337,,,,,,,Harry Potter and the Deathly Hallows � Part 2�(2011),Movies Acquired,WB,Committed,6/1/20,,,No,Max Acquired,2020,,,11/3/23,0,Tiffany,Harry Potter and the Deathly Hallows
5578,MAX-AQ-000333,,,,,,,Harry Potter and the Goblet of Fire�(2005),Movies Acquired,WB,Committed,6/1/20,,,No,Max Acquired,2020,,,11/3/23,0,Tiffany,Harry Potter and the Goblet of Fire
5579,MAX-AQ-000335,,,,,,,Harry Potter and the Half-Blood Prince�(2009),Movies Acquired,WB,Committed,6/1/20,,,No,Max Acquired,2020,,,11/3/23,0,Tiffany,Harry Potter and the Half-Blood Prince
5580,MAX-AQ-000334,,,,,,,Harry Potter and the Order of the Phoenix�(2007),Movies Acquired,WB,Committed,6/1/20,,,No,Max Acquired,2020,,,11/3/23,0,Tiffany,Harry Potter and the Order of the Phoenix
5581,MAX-AQ-000330,,,,,,,Harry Potter and the Philosopher's Stone�(2001),Movies Acquired,WB,Committed,6/1/20,,,No,Max Acquired,2020,,,11/3/23,0,Tiffany,Harry Potter and the Philosopher's Stone
5582,MAX-AQ-000332,,,,,,,Harry Potter and the Prisoner of Azkaban�(2004),Movies Acquired,WB,Committed,6/1/20,,,No,Max Acquired,2020,,,11/3/23,0,Tiffany,Harry Potter and the Prisoner of Azkaban
5583,MAX-AQ-001925,,,,,,,"Harvey Birdman, Attorney At Law",Adult Animation Acquired,AS,Committed,9/1/20,,,No,Max Acquired,2020,,,11/3/23,0,Tiffany,Harvey Birdman
5584,MAX-AQ-006932,,,,,,,"Harvey Birdman, Attorney At Law",Adult Animation Acquired,AS,Uncommitted,9/2/27,,,No,Max Acquired,2027,,,11/3/23,0,Tiffany,Harvey Birdman
5585,MAX-AQ-006888,,,,,,,"Harvey Birdman, Attorney At Law",Adult Animation Acquired,AS,Uncommitted,9/1/25,,,No,Max Acquired,2025,,,11/3/23,0,Tiffany,Harvey Birdman
5586,MAX-AQ-005819,,,,,,,"Harvey Birdman, Attorney At Law",Adult Animation Acquired,AS,Committed,9/1/23,,,No,Max Acquired,2023,,,11/3/23,0,Tiffany,Harvey Birdman
5587,MAX-AQ-005330,,,,,,,"Harvey Girls, The",Movies Acquired,WB,Committed,6/1/22,,,No,Max Acquired,2022,,,11/3/23,0,Tiffany,Harvey Girls
5588,MAX-AQ-002831,,,,,,,"Harvey Girls, The",Movies Acquired,WB,Committed,10/1/21,,,No,Max Acquired,2021,,,11/3/23,0,Tiffany,Harvey Girls
5589,MAX-AQ-006252,,,,,,,"Harvey Girls, The",Movies Acquired,WB,Committed,4/1/23,,,No,Max Acquired,2023,,,11/3/23,0,Tiffany,Harvey Girls
5590,MAX-AQ-006253,,,,,,,"Haunting, The",Movies Acquired,WB,Committed,10/1/23,,,No,Max Acquired,2023,,,11/3/23,0,Tiffany,Haunting
5591,MAX-OP-000040,,,,,,,Haute Dog S1 A,Unscripted Original,JAX MEDIA,Committed,,,DTC1077,No,Max OP,2020,,,11/3/23,0,Tiffany,Haute Dog
5592,MAX-OP-000083,,,,,,,Haute Dog S1 C,Unscripted Original,JAX MEDIA,Committed,,,HOTDOGS1BCO,No,Max OP,2021,,,11/3/23,0,Tiffany,Haute Dog
5593,MAX-OP-000071,,,,,,,Haute Dog S1B Christmas Episode Yule Dog,Unscripted Original,JAX MEDIA,Committed,,,HOTDOGS1B,No,Max OP,2020,,,11/3/23,0,Tiffany,Haute Dog
5603,MAX-OP-000150,,,,,,,Head of the Class S1,Kids Content Original,WARNER HORIZON,Committed,,,DTC1243,No,Max OP,2021,,,11/3/23,0,Tiffany,Head of the Class
5604,MAX-AQ-007043,,,,,,,Headless Chickens (Pollos Sin Cabeza) (Spain),International Content Original,HBO INT. - SERIES,Committed,4/28/23,,,No,Max Acquired,2023,,,11/3/23,0,Tiffany,Headless Chickens
5605,MAX-AQ-001926,,,,,,,"Heart, She Holler, The",Comedy Series Acquired,AS,Committed,1/1/21,,,No,Max Acquired,2021,,,11/3/23,0,Tiffany,"Heart, She Holler"
5606,MAX-AQ-002107,,,,,,,"Heart, She Holler, The",Comedy Series Acquired,AS,Uncommitted,1/1/24,,,No,Max Acquired,2024,,,11/3/23,0,Tiffany,"Heart, She Holler"
5613,MAX-OP-000068,,,,,,,Heavens Gate The Cults of Cults (CNN),Documentary Series Original,CNN,Committed,,,DTC1005,No,Max OP,2020,,,11/3/23,0,Tiffany,Heavens Gate
5616,MAX-AQ-007160,,,,,,,Hell in the Heartland,Documentary Series Acquired,CNN,Committed,5/23/23,,,No,Max Acquired,2023,,,11/3/23,0,Tiffany,Hell in the Heartland
5617,MAX-AQ-002033,,,,,,,Hell in the Heartland,Documentary Series Acquired,HLN,Committed,12/1/20,,,No,Max Acquired,2020,,,11/3/23,0,Tiffany,Hell in the Heartland
5618,MAX-AQ-007354,,,,,,,Hell in the Heartland,Documentary Series Acquired,CNN,Committed,5/23/23,,,No,Max Acquired,2023,,,11/3/23,0,Tiffany,Hell in the Heartland
5620,MAX-AQ-000055,,,,,,,Hellboy (Library),Movies Acquired,REVOLUTION STUDIOS,Committed,,,,No,Max Acquired,1900,,,11/3/23,0,Tiffany,Hellboy
5621,HBO-OP-000459,,,,,,,Her Name Was Tawana,Documentary Series Original,,Committed,,,WCF-10022208,No,HBO OP,2024,,,11/3/23,0,Tiffany,Her Name Was Tawana
5623,Do Not Use 293,,,,,,,High 1 - 2025 Release,Movies Acquired,WB,Committed,7/17/25,,,,HBO Acquired,2025,,,11/3/23,0,Tiffany,
5624,Do Not Use 313,,,,,,,High 1 - 2026 Release,Movies Acquired,WB,Committed,7/16/26,,,,HBO Acquired,2026,,,11/3/23,0,Tiffany,
5625,Do Not Use 335,,,,,,,High 1 - 2027 Release,Movies Acquired,WB,Committed,5/29/27,,,,HBO Acquired,2027,,,11/3/23,0,Tiffany,
5626,Do Not Use 357,,,,,,,High 1 - 2028 Release,Movies Acquired,WB,Committed,5/27/28,,,,HBO Acquired,2028,,,11/3/23,0,Tiffany,
5627,Do Not Use 294,,,,,,,High 2 - 2025 Release,Movies Acquired,WB,Committed,5/31/25,,,,HBO Acquired,2025,,,11/3/23,0,Tiffany,
5628,Do Not Use 314,,,,,,,High 2 - 2026 Release,Movies Acquired,WB,Committed,5/30/26,,,,HBO Acquired,2026,,,11/3/23,0,Tiffany,
5629,Do Not Use 336,,,,,,,High 2 - 2027 Release,Movies Acquired,WB,Committed,11/6/27,,,,HBO Acquired,2027,,,11/3/23,0,Tiffany,
5630,Do Not Use 358,,,,,,,High 2 - 2028 Release,Movies Acquired,WB,Committed,11/4/28,,,,HBO Acquired,2028,,,11/3/23,0,Tiffany,
5631,Do Not Use 295,,,,,,,High 3 - 2025 Release,Movies Acquired,WB,Committed,2/12/26,,,,HBO Acquired,2026,,,11/3/23,0,Tiffany,
5632,Do Not Use 315,,,,,,,High 3 - 2026 Release,Movies Acquired,WB,Committed,2/11/27,,,,HBO Acquired,2027,,,11/3/23,0,Tiffany,
5633,Do Not Use 337,,,,,,,High 3 - 2027 Release,Movies Acquired,WB,Committed,11/20/27,,,,HBO Acquired,2027,,,11/3/23,0,Tiffany,
5634,Do Not Use 359,,,,,,,High 3 - 2028 Release,Movies Acquired,WB,Committed,11/18/28,,,,HBO Acquired,2028,,,11/3/23,0,Tiffany,
5635,Do Not Use 296,,,,,,,High 4 - 2025 Release,Movies Acquired,WB,Committed,3/7/26,,,,HBO Acquired,2026,,,11/3/23,0,Tiffany,
5636,Do Not Use 316,,,,,,,High 4 - 2026 Release,Movies Acquired,WB,Committed,3/6/27,,,,HBO Acquired,2027,,,11/3/23,0,Tiffany,
5637,Do Not Use 338,,,,,,,High 4 - 2027 Release,Movies Acquired,WB,Committed,2/10/28,,,,HBO Acquired,2028,,,11/3/23,0,Tiffany,
5638,Do Not Use 360,,,,,,,High 4 - 2028 Release,Movies Acquired,WB,Committed,2/8/29,,,,HBO Acquired,2029,,,11/3/23,0,Tiffany,
5639,Do Not Use 297,,,,,,,High 5 - 2025 Release,Movies Acquired,WB,Committed,11/22/25,,,,HBO Acquired,2025,,,11/3/23,0,Tiffany,
5640,Do Not Use 317,,,,,,,High 5 - 2026 Release,Movies Acquired,WB,Committed,11/21/26,,,,HBO Acquired,2026,,,11/3/23,0,Tiffany,
5641,Do Not Use 339,,,,,,,High 5 - 2027 Release,Movies Acquired,WB,Committed,3/4/28,,,,HBO Acquired,2028,,,11/3/23,0,Tiffany,
5642,Do Not Use 361,,,,,,,High 5 - 2028 Release,Movies Acquired,WB,Committed,3/3/29,,,,HBO Acquired,2029,,,11/3/23,0,Tiffany,
5643,Do Not Use 318,,,,,,,High 6 - 2026 Release,Movies Acquired,WB,Committed,11/7/26,,,,HBO Acquired,2026,,,11/3/23,0,Tiffany,
5647,MAX-AQ-007161,,,,,,,High Profits,Documentary Series Acquired,CNN,Committed,5/23/23,,,No,Max Acquired,2023,,,11/3/23,0,Tiffany,High Profits
5655,MAX-AQ-007162,,,,,,,History Of The Sitcom,Documentary Series Acquired,CNN,Committed,5/23/23,,,No,Max Acquired,2023,,,11/3/23,0,Tiffany,History Of The Sitcom
5656,MAX-AQ-002013,,,,,,,"History of Comedy, The",Documentary Series Acquired,CNN,Committed,12/1/20,,,No,Max Acquired,2020,,,11/3/23,0,Tiffany,History of Comedy
5657,MAX-AQ-006260,,,,,,,"Hobbit, The",Kids Content Acquired,WB,Committed,1/1/23,,,No,Max Acquired,2023,,,11/3/23,0,Tiffany,Hobbit
5658,MAX-AQ-001848,,,,,,,"Hobbit, The",Kids Content Acquired,WB,Committed,6/1/20,,,Yes,Max Acquired,2020,,,11/3/23,0,Tiffany,Hobbit
5659,MAX-AQ-000948,,,,,,,Hobbit:  An Unexpected Journey,Movies Acquired,WB,Committed,,,,No,Max Acquired,1900,,,11/3/23,0,Tiffany,Hobbit:  An Unexpected Journey
5660,MAX-AQ-000950,,,,,,,Hobbit:  The Battle of the Five Armies,Movies Acquired,WB,Committed,,,,No,Max Acquired,1900,,,11/3/23,0,Tiffany,Hobbit:  The Battle of the Five Armies
5661,MAX-AQ-000949,,,,,,,Hobbit:  The Desolation of Smaug,Movies Acquired,WB,Committed,,,,No,Max Acquired,1900,,,11/3/23,0,Tiffany,Hobbit:  The Desolation of Smaug
5662,MAX-AQ-006264,,,,,,,"Hobbit: An Unexpected Journey, The",Movies Acquired,WB,Committed,10/1/23,,,No,Max Acquired,2023,,,11/3/23,0,Tiffany,Hobbit: An Unexpected Journey
5663,MAX-AQ-006263,,,,,,,"Hobbit: An Unexpected Journey, The",Movies Acquired,WB,Committed,7/1/23,,,No,Max Acquired,2023,,,11/3/23,0,Tiffany,Hobbit: An Unexpected Journey
5664,MAX-AQ-003050,,,,,,,"Hobbit: An Unexpected Journey, The",Movies Acquired,WB,Committed,2/3/21,,,No,Max Acquired,2021,,,11/3/23,0,Tiffany,Hobbit: An Unexpected Journey
5665,MAX-AQ-006262,,,,,,,"Hobbit: An Unexpected Journey, The",Movies Acquired,WB,Committed,2/1/23,,,No,Max Acquired,2023,,,11/3/23,0,Tiffany,Hobbit: An Unexpected Journey
5666,MAX-AQ-006261,,,,,,,"Hobbit: An Unexpected Journey, The",Movies Acquired,WB,Committed,1/1/23,,,No,Max Acquired,2023,,,11/3/23,0,Tiffany,Hobbit: An Unexpected Journey
5667,MAX-AQ-003624,,,,,,,"Hobbit: An Unexpected Journey, The",Movies Acquired,WB,Committed,7/1/21,,,No,Max Acquired,2021,,,11/3/23,0,Tiffany,Hobbit: An Unexpected Journey
5668,MAX-AQ-003625,,,,,,,"Hobbit: The Battle Of The Five Armies, The",Movies Acquired,WB,Committed,7/1/21,,,No,Max Acquired,2021,,,11/3/23,0,Tiffany,Hobbit: The Battle Of The Five Armies
5669,MAX-AQ-004550,,,,,,,"Hobbit: The Battle Of The Five Armies, The",Movies Acquired,WB,Committed,5/3/22,,,No,Max Acquired,2022,,,11/3/23,0,Tiffany,Hobbit: The Battle Of The Five Armies
5670,MAX-AQ-006265,,,,,,,"Hobbit: The Battle Of The Five Armies, The",Movies Acquired,WB,Committed,1/1/23,,,No,Max Acquired,2023,,,11/3/23,0,Tiffany,Hobbit: The Battle Of The Five Armies
5671,MAX-AQ-003051,,,,,,,"Hobbit: The Battle Of The Five Armies, The",Movies Acquired,WB,Committed,2/3/21,,,No,Max Acquired,2021,,,11/3/23,0,Tiffany,Hobbit: The Battle Of The Five Armies
5672,MAX-AQ-004548,,,,,,,"Hobbit: The Battle Of The Five Armies, The",Movies Acquired,WB,Committed,1/1/22,,,No,Max Acquired,2022,,,11/3/23,0,Tiffany,Hobbit: The Battle Of The Five Armies
5673,MAX-AQ-002615,,,,,,,"Hobbit: The Battle Of The Five Armies, The",Movies Acquired,WB,Committed,9/1/21,,,No,Max Acquired,2021,,,11/3/23,0,Tiffany,Hobbit: The Battle Of The Five Armies
5674,MAX-AQ-004549,,,,,,,"Hobbit: The Battle Of The Five Armies, The",Movies Acquired,WB,Committed,4/3/22,,,No,Max Acquired,2022,,,11/3/23,0,Tiffany,Hobbit: The Battle Of The Five Armies
5675,MAX-AQ-003945,,,,,,,"Hobbit: The Battle Of The Five Armies, The",Movies Acquired,WB,Committed,2/3/22,,,No,Max Acquired,2022,,,11/3/23,0,Tiffany,Hobbit: The Battle Of The Five Armies
5676,MAX-AQ-003821,,,,,,,"Hobbit: The Battle Of The Five Armies, The",Movies Acquired,WB,Committed,11/1/21,,,No,Max Acquired,2021,,,11/3/23,0,Tiffany,Hobbit: The Battle Of The Five Armies
5677,MAX-AQ-006267,,,,,,,"Hobbit: The Desolation of Smaug, The",Movies Acquired,WB,Committed,9/25/23,,,No,Max Acquired,2023,,,11/3/23,0,Tiffany,Hobbit: The Desolation of Smaug
5678,MAX-AQ-004552,,,,,,,"Hobbit: The Desolation of Smaug, The",Movies Acquired,WB,Committed,4/1/22,,,No,Max Acquired,2022,,,11/3/23,0,Tiffany,Hobbit: The Desolation of Smaug
5679,MAX-AQ-006266,,,,,,,"Hobbit: The Desolation of Smaug, The",Movies Acquired,WB,Committed,8/25/23,,,No,Max Acquired,2023,,,11/3/23,0,Tiffany,Hobbit: The Desolation of Smaug
5680,MAX-AQ-004553,,,,,,,"Hobbit: The Desolation of Smaug, The",Movies Acquired,WB,Committed,5/1/22,,,No,Max Acquired,2022,,,11/3/23,0,Tiffany,Hobbit: The Desolation of Smaug
5681,MAX-AQ-004551,,,,,,,"Hobbit: The Desolation of Smaug, The",Movies Acquired,WB,Committed,1/1/22,,,No,Max Acquired,2022,,,11/3/23,0,Tiffany,Hobbit: The Desolation of Smaug
5682,MAX-AQ-003052,,,,,,,"Hobbit: The Desolation of Smaug, The",Movies Acquired,WB,Committed,2/3/21,,,No,Max Acquired,2021,,,11/3/23,0,Tiffany,Hobbit: The Desolation of Smaug
5683,MAX-AQ-003053,,,,,,,"Hobbit: The Desolation of Smaug, The",Movies Acquired,WB,Committed,2/25/21,,,No,Max Acquired,2021,,,11/3/23,0,Tiffany,Hobbit: The Desolation of Smaug
5684,MAX-AQ-003626,,,,,,,"Hobbit: The Desolation of Smaug, The",Movies Acquired,WB,Committed,7/1/21,,,No,Max Acquired,2021,,,11/3/23,0,Tiffany,Hobbit: The Desolation of Smaug
5685,MAX-AQ-002616,,,,,,,"Hobbit: The Desolation of Smaug, The",Movies Acquired,WB,Committed,9/1/21,,,No,Max Acquired,2021,,,11/3/23,0,Tiffany,Hobbit: The Desolation of Smaug
5686,MAX-AQ-003822,,,,,,,"Hobbit: The Desolation of Smaug, The",Movies Acquired,WB,Committed,11/1/21,,,No,Max Acquired,2021,,,11/3/23,0,Tiffany,Hobbit: The Desolation of Smaug
5691,MAX-OP-000139,,,,,,,Holiday Craftopia S2B,Unscripted Original,B17 ENTERTAINMENT,Committed,,,DTC1120_HOL,No,Max OP,2021,,,11/3/23,0,Tiffany,Holiday Craftopia
5693,MAX-AQ-000056,,,,,,,Hollywood Homicide (Library),Movies Acquired,REVOLUTION STUDIOS,Committed,,,,No,Max Acquired,1900,,,11/3/23,0,Tiffany,Hollywood Homicide
5698,MAX-AQ-001533,,,,,,,Home S1,Comedy Series Acquired,"BBC STUDIOS AMERICAS, INC.",Committed,6/1/20,,,No,Max Acquired,2020,,,11/3/23,0,Tiffany,Home
5699,MAX-AQ-001534,,,,,,,Home S2,Comedy Series Acquired,"BBC STUDIOS AMERICAS, INC.",Committed,6/1/20,,,No,Max Acquired,2020,,,11/3/23,0,Tiffany,Home
5700,MAX-OP-000074,,,,,,,Home School Musical Class of 2020,Kids Content Original,WORLD OF WONDER PRODUCTIONS,Committed,,,DTC1123,No,Max OP,2020,,,11/3/23,0,Tiffany,Home School Musical Class 
5701,MAX-OP-000387,,,,,,,Home Sweet Rome S1A,Kids Content Original,SUPERPROD,Committed,,,HKF0021,Yes,Max OP,2024,,,11/3/23,0,Tiffany,Home Sweet Rome 
5702,MAX-OP-000856,,,,,,,Home Sweet Rome S1B,Kids Content Original,SUPERPROD,Committed,,,HSRS1B,Yes,Max OP,2025,,,11/3/23,0,Tiffany,Home Sweet Rome 
5706,MAX-AQ-001535,,,,,,,"Honourable Woman, The",Drama Series Acquired,"BBC STUDIOS AMERICAS, INC.",Committed,6/1/20,,,No,Max Acquired,2020,,,11/3/23,0,Tiffany,Honourable Woman
5708,MAX-AQ-005333,,,,,,,"Hook, Line and Sinker",Movies Acquired,WB,Committed,9/1/22,,,No,Max Acquired,2022,,,11/3/23,0,Tiffany,"Hook, Line"
5712,MAX-OP-000759,,,,,,,Hop S1A,Kids Content Original,EPIC STORY MEDIA,Committed,,,HKF0034,Yes,Max OP,2024,,,11/3/23,0,Tiffany,Hop
5713,MAX-OP-000760,,,,,,,Hop S1B,Kids Content Original,EPIC STORY MEDIA,Committed,,,HOPS1B,Yes,Max OP,2024,,,11/3/23,0,Tiffany,Hop
5714,MAX-OP-000879,,,,,,,Hop S1C,Kids Content Original,TP,Committed,,,HOPS1C,Yes,Max OP,2025,,,11/3/23,0,Tiffany,Hop
5715,MAX-OP-000889,,,,,,,Hop S1D,Kids Content Original,TP,Committed,,,HOPS1D,Yes,Max OP,2025,,,11/3/23,0,Tiffany,Hop
5716,MAX-OP-000577,,,,,,,Horizon Part 1,Movies Original,WBP,Committed,,,DTC1429,No,Max OP,1900,,,11/3/23,0,Tiffany,Horizon Part 1
5717,MAX-OP-000562,,,,,,,Horizon Part 2,Movies Original,WBP,Committed,,,DTC1430,No,Max OP,1900,,,11/3/23,0,Tiffany,Horizon Part 2
5718,MAX-AQ-005335,,,,,,,"Horn Blows at Midnight, The",Movies Acquired,WB,Committed,2/1/22,,,No,Max Acquired,2022,,,11/3/23,0,Tiffany,Horn Blows
5719,MAX-AQ-000824,,,,,,,"Horn Blows at Midnight, The",Movies Acquired,WB,Committed,,,,No,Max Acquired,1900,,,11/3/23,0,Tiffany,Horn Blows
5803,MAX-OP-000072,,,,,,,House of Ho S1,Unscripted Original,LIONSGATE TV,Committed,,,DTC1068,No,Max OP,2020,,,11/3/23,0,Tiffany,House of Ho
5804,MAX-OP-000252,,,,,,,House of Ho S2,Unscripted Original,LIONSGATE TV,Committed,,,DTC1237,No,Max OP,2022,,,11/3/23,0,Tiffany,House of Ho
5805,MAX-AQ-006273,,,,,,,House of Wax (2005),Movies Acquired,WB,Committed,1/1/23,,,No,Max Acquired,2023,,,11/3/23,0,Tiffany,House of Wax
5806,MAX-AQ-001148,,,,,,,House of Wax (2005),Movies Acquired,WB,Committed,,,,No,Max Acquired,1900,,,11/3/23,0,Tiffany,House of Wax
5807,MAX-AQ-000518,,,,,,,House of Wax (2005),Movies Acquired,WB,Committed,,,,No,Max Acquired,1900,,,11/3/23,0,Tiffany,House of Wax
5808,MAX-AQ-006274,,,,,,,House of Wax (2005),Movies Acquired,WB,Committed,2/1/23,,,No,Max Acquired,2023,,,11/3/23,0,Tiffany,House of Wax
5812,MAX-AQ-003397,,,,,,,House on Haunted Hill (1999),Movies Acquired,WB,Committed,10/1/22,,,No,Max Acquired,2022,,,11/3/23,0,Tiffany,House on Haunted Hill 
5813,MAX-AQ-006276,,,,,,,House on Haunted Hill (1999),Movies Acquired,WB,Committed,2/1/23,,,No,Max Acquired,2023,,,11/3/23,0,Tiffany,House on Haunted Hill 
5814,MAX-AQ-006275,,,,,,,House on Haunted Hill (1999),Movies Acquired,WB,Committed,1/1/23,,,No,Max Acquired,2023,,,11/3/23,0,Tiffany,House on Haunted Hill 
5815,MAX-AQ-001149,,,,,,,House on Haunted Hill (1999),Movies Acquired,WB,Committed,,,,No,Max Acquired,1900,,,11/3/23,0,Tiffany,House on Haunted Hill 
5816,MAX-AQ-000519,,,,,,,House on Haunted Hill (1999),Movies Acquired,WB,Committed,,,,No,Max Acquired,1900,,,11/3/23,0,Tiffany,House on Haunted Hill 
5817,HBO-OP-000908,,,,,,,House on Stilts,Documentary Series Original,,Uncommitted,,,WCF-10023208,No,HBO OP,,,,11/3/23,0,Tiffany,House on Stilts
5818,MAX-AQ-005082,,,,,,,"House, The",Movies Acquired,WB,Committed,4/17/22,,,No,Max Acquired,2022,,,11/3/23,0,Tiffany,The House
5819,MAX-AQ-007726,,,,,,,"House, The",Movies Acquired,WB,Committed,10/1/23,,,No,Max Acquired,2023,,,11/3/23,0,Tiffany,The House
5820,MAX-AQ-005659,,,,,,,Housing Complex C (101-103),Adult Animation Acquired,AS,Committed,10/1/22,,,No,Max Acquired,2022,,,11/3/23,0,Tiffany,Housing Complex
5822,MAX-AQ-007355,,,,,,,How It Really Happened S1,Documentary Series Acquired,CNN,Committed,5/23/23,,,No,Max Acquired,2023,,,11/3/23,0,Tiffany,How It Really Happened
5823,MAX-AQ-007163,,,,,,,How It Really Happened S1,Documentary Series Acquired,CNN,Committed,5/23/23,,,No,Max Acquired,2023,,,11/3/23,0,Tiffany,How It Really Happened
5824,MAX-AQ-007164,,,,,,,How It Really Happened S2,Documentary Series Acquired,CNN,Committed,5/23/23,,,No,Max Acquired,2023,,,11/3/23,0,Tiffany,How It Really Happened
5825,MAX-AQ-007165,,,,,,,How It Really Happened S3,Documentary Series Acquired,CNN,Committed,5/23/23,,,No,Max Acquired,2023,,,11/3/23,0,Tiffany,How It Really Happened
5826,MAX-AQ-007166,,,,,,,How It Really Happened S4,Documentary Series Acquired,CNN,Committed,5/23/23,,,No,Max Acquired,2023,,,11/3/23,0,Tiffany,How It Really Happened
5827,MAX-AQ-002196,,,,,,,How It Really Happened S5,Documentary Series Acquired,HLN,Committed,2/27/21,,,No,Max Acquired,2021,,,11/3/23,0,Tiffany,How It Really Happened
5828,MAX-AQ-007167,,,,,,,How It Really Happened S5,Documentary Series Acquired,CNN,Committed,5/23/23,,,No,Max Acquired,2023,,,11/3/23,0,Tiffany,How It Really Happened
5829,MAX-AQ-007168,,,,,,,How It Really Happened S6,Documentary Series Acquired,CNN,Committed,5/23/23,,,No,Max Acquired,2023,,,11/3/23,0,Tiffany,How It Really Happened
5830,MAX-AQ-007169,,,,,,,How It Really Happened S7,Documentary Series Acquired,CNN,Committed,5/23/23,,,No,Max Acquired,2023,,,11/3/23,0,Tiffany,How It Really Happened
5831,MAX-AQ-002034,,,,,,,How It Really Happened With Hill Harper,Documentary Series Acquired,HLN,Committed,12/1/20,,,No,Max Acquired,2020,,,11/3/23,0,Tiffany,How It Really Happened With Hill Harper
5838,HBO-OP-001028,,,,,,,How We Get Free,Documentary Feature Original,,Committed,,,WCF-10024280,No,HBO OP,2023,,,11/3/23,0,Tiffany,How We Get Free
5844,MAX-AQ-005653,,,,,,,How to Screw it All Up - HBOMax,Drama Series Acquired,HBO INT. - SERIES,Committed,7/1/22,,,No,Max Acquired,2022,,,11/3/23,0,Tiffany,How to Screw it
5845,HBO-OP-001242,,,,,,,Howard Stern Interview,Unscripted Original,,Committed,,,WCF-10023243,No,HBO OP,2024,,,11/3/23,0,Tiffany,Howard Stern Interview
5846,HBO-OP-001163,,,,,,,Howard Stern Interview: Springsteen,Special Original,,Committed,,,WCF-10024661,No,HBO OP,2022,,,11/3/23,0,Tiffany,Howard Stern Interview
5847,MAX-AQ-000037,,,,,,,Howl�s Moving Castle,Movies Acquired,G KIDS,Committed,6/1/20,,,No,Max Acquired,2020,,,11/3/23,0,Tiffany,Moving Castle
5848,MAX-AQ-007815,,,,,,,Howl�s Moving Castle,Movies Acquired,G KIDS,Committed,5/27/23,,,No,Max Acquired,2023,,,11/3/23,0,Tiffany,Moving Castle
5849,MAX-AQ-002837,,,,,,,"Hunger, The",Movies Acquired,WB,Committed,9/1/21,,,No,Max Acquired,2021,,,11/3/23,0,Tiffany,Hunger
5850,MAX-AQ-005338,,,,,,,"Hunger, The",Movies Acquired,WB,Committed,7/1/22,,,No,Max Acquired,2022,,,11/3/23,0,Tiffany,Hunger
5851,MAX-AQ-006292,,,,,,,"Hunger, The",Movies Acquired,WB,Committed,2/1/23,,,No,Max Acquired,2023,,,11/3/23,0,Tiffany,Hunger
5852,MAX-AQ-000827,,,,,,,"Hunger, The",Movies Acquired,WB,Committed,,,,No,Max Acquired,1900,,,11/3/23,0,Tiffany,Hunger
5853,MAX-AQ-002014,,,,,,,"Hunt with John Walsh, The",Documentary Series Acquired,CNN,Committed,12/1/20,,,No,Max Acquired,2020,,,11/3/23,0,Tiffany,Hunt with
5854,MAX-AQ-001438,,,,,,,Hunter X Hunter ,International Content Acquired,"ELLATION, INC.",Committed,6/23/20,,,No,Max Acquired,2020,,,11/3/23,0,Tiffany,Hunter X Hunter
5855,MAX-AQ-001459,,,,,,,Hunter x Hunter (Batch 2),International Content Acquired,"ELLATION, INC.",Committed,3/3/21,,,No,Max Acquired,2021,,,11/3/23,0,Tiffany,Hunter X Hunter
5877,HBO-OP-001039,,,,,,,I Am Not A Monster: The Lois Reiss Murders,Documentary Series Original,,Committed,,,WCF-10023387,No,HBO OP,2025,,,11/3/23,0,Tiffany,I Am Not A Monster
5882,Do not use 2372,,,,,,,I DONT KNOW HOW SHE DOES IT,Movies Acquired,LIONS GATE,Committed,1/1/24,,,,HBO Acquired,2024,,,11/3/23,0,Tiffany,I DONT KNOW HOW SHE DOES IT
5883,MAX-AQ-006534,,,,,,,I Don�t Like Driving (No Me Gusta Conducir) ,International Content Original,HBO INT. - SERIES,Committed,1/13/23,,,No,Max Acquired,2023,,,11/3/23,0,Tiffany,Like Driving
5887,MAX-AQ-001645,,,,,,,I Hate Suzie S1,Comedy Series Original,UNIVERSAL CITY STUDIOS PRODUCTIONS LLLP,Committed,11/19/20,,,No,Max Acquired,2020,,,11/3/23,0,Tiffany,I Hate Suzie
5888,MAX-AQ-001648,,,,,,,I Hate Suzie S1-2 Retro Fees for S3,Comedy Series Original,UNIVERSAL CITY STUDIOS PRODUCTIONS LLLP,Committed,12/20/23,,,No,Max Acquired,2023,,,11/3/23,0,Tiffany,I Hate Suzie
5889,MAX-AQ-001650,,,,,,,I Hate Suzie S1-3 Retro Fees for S4,Comedy Series Original,UNIVERSAL CITY STUDIOS PRODUCTIONS LLLP,Committed,12/20/24,,,No,Max Acquired,2024,,,11/3/23,0,Tiffany,I Hate Suzie
5890,MAX-AQ-001646,,,,,,,I Hate Suzie S2,Comedy Series Original,UNIVERSAL CITY STUDIOS PRODUCTIONS LLLP,Committed,12/20/22,,,No,Max Acquired,2022,,,11/3/23,0,Tiffany,I Hate Suzie
5891,MAX-AQ-001647,,,,,,,I Hate Suzie S3,Comedy Series Original,UNIVERSAL CITY STUDIOS PRODUCTIONS LLLP,Committed,12/20/23,,,No,Max Acquired,2023,,,11/3/23,0,Tiffany,I Hate Suzie
5892,MAX-AQ-001649,,,,,,,I Hate Suzie S4,Comedy Series Original,UNIVERSAL CITY STUDIOS PRODUCTIONS LLLP,Committed,12/20/24,,,No,Max Acquired,2024,,,11/3/23,0,Tiffany,I Hate Suzie
5893,MAX-AQ-001651,,,,,,,I Hate Suzie S5,Comedy Series Original,UNIVERSAL CITY STUDIOS PRODUCTIONS LLLP,Committed,12/20/25,,,No,Max Acquired,2025,,,11/3/23,0,Tiffany,I Hate Suzie
5894,MAX-AQ-001652,,,,,,,I Hate Suzie S6,Comedy Series Acquired,UNIVERSAL CITY STUDIOS PRODUCTIONS LLLP,Committed,12/20/26,,,No,Max Acquired,2026,,,11/3/23,0,Tiffany,I Hate Suzie
5900,MAX-AQ-007103,,,,,,,I Love You and It Hurts - HBOMax,International Content Original,HBO INT. - SERIES,Committed,8/17/23,,,No,Max Acquired,2023,,,11/3/23,0,Tiffany,I Love You and It Hurts
5915,MAX-AQ-001536,,,,,,,I'm Alan Partridge S1,Comedy Series Acquired,"BBC STUDIOS AMERICAS, INC.",Committed,6/1/20,,,No,Max Acquired,2020,,,11/3/23,0,Tiffany,I'm Alan Partridge
5916,MAX-AQ-001537,,,,,,,I'm Alan Partridge S2,Comedy Series Acquired,"BBC STUDIOS AMERICAS, INC.",Committed,6/1/20,,,No,Max Acquired,2020,,,11/3/23,0,Tiffany,I'm Alan Partridge
5919,Do not use 2373,,,,,,,"I, FRANKENSTEIN",Movies Acquired,LIONS GATE,Committed,1/1/24,,,,HBO Acquired,2024,,,11/3/23,0,Tiffany,"I, FRANKENSTEIN"
5923,Do not use 3211,,,,,,,I.Q.,Movies Acquired,PARAMOUNT,Committed,4/1/19,,,,HBO Acquired,2019,,,11/3/23,0,Tiffany,I.Q.
5924,I/C Digital,,,,,,,I/C Digital,D+,DISCCOVERY,Committed,,,,,Discovery+,,,,11/3/23,0,Tiffany,I/C Digital
5925,Do not use 864,,,,,,,ICE AGE: COLLISION COURSE,Movies Acquired,3RD-PARTY,Committed,9/1/24,,,,HBO Acquired,2024,,,11/3/23,0,Tiffany,ICE AGE
5928,Do not use 388,,,,,,,IDEAL HOME,Movies Acquired,3RD PARTY,Committed,11/1/18,,,,HBO Acquired,2018,,,11/3/23,0,Tiffany,IDEAL HOME
5929,Do not use 709,,,,,,,IDENTIDAD TOMADA (AKA TAKEN IDENTITY),Movies Acquired,3RD PARTY,Committed,5/1/22,,,,HBO Acquired,2022,,,11/3/23,0,Tiffany,IDENTIDAD TOMADA
5939,Do not use 1620,,,,,,,ILL SEE YOU IN MY DREAMS,Movies Acquired,BLEECKER,Committed,6/1/22,,,,HBO Acquired,2022,,,11/3/23,0,Tiffany,ILL SEE
5940,MAX-AQ-004148,,,,,,,"ILLUSIONIST, THE (2010)",Movies Acquired,SONY PICTURES TELEVISION INC.,Committed,8/1/23,,,No,Max Acquired,2023,,,11/3/23,0,Tiffany,ILLUSIONIST
5941,Do not use 2810,,,,,,,IM GONNA GIT YOU SUCKA,Movies Acquired,MGM,Committed,2/1/22,,,,HBO Acquired,2022,,,11/3/23,0,Tiffany,GONNA Git You Sucka
5942,MAX-AQ-002279,,,,,,,"IMAGINARIUM OF DOCTOR PARNASSUS, THE",Movies Acquired,SONY PICTURES TELEVISION INC.,Committed,4/1/21,,,No,Max Acquired,2021,,,11/3/23,0,Tiffany,IMAGINARIUM OF DOCTOR
5967,Do not use 4528,,,,,,,IN THE HEART OF THE SEA - 0539856_13-108,Movies Acquired,WB,Committed,8/1/16,,,,HBO Acquired,2016,,,11/3/23,0,Tiffany,IN THE HEART OF THE SEA
5972,Do not use 5873,,,,,,,IN THE HEIGHTS - 0637338_13-108.2,Movies Acquired,WB,Committed,10/28/21,,,,HBO Acquired,2021,,,11/3/23,0,Tiffany,IN THE HEIGHTS 
5973,Do not use 3744,,,,,,,IN THE NAME OF THE FATHER,Movies Acquired,UNIVERSAL,Committed,11/1/18,,,,HBO Acquired,2018,,,11/3/23,0,Tiffany,IN THE NAME OF THE FATHER
5976,Do not use 2463,,,,,,,INCONCEIVABLE,Movies Acquired,LIONS GATE,Committed,2/1/26,,,,HBO Acquired,2026,,,11/3/23,0,Tiffany,INCONCEIVABLE
5981,Do not use 865,,,,,,,INDEPENDENCE DAY: RESURGENCE,Movies Acquired,3RD-PARTY,Committed,9/1/24,,,,HBO Acquired,2024,,,11/3/23,0,Tiffany,INDEPENDENCE DAY: RESURGENCE
5991,MAX-AQ-004150,,,,,,,INSIDE JOB (2010),Movies Acquired,SONY PICTURES TELEVISION INC.,Committed,8/1/23,,,No,Max Acquired,2023,,,11/3/23,0,Tiffany,INSIDE JOB
6001,Do not use 1140,,,,,,,INSIDIOUS: THE LAST KEY,Movies Acquired,3RD-PARTY,Committed,5/1/26,,,,HBO Acquired,2026,,,11/3/23,0,Tiffany,INSIDIOUS
6004,Do not use 686,,,,,,,INTEMPERIE (AKA OUT IN THE OPEN),Movies Acquired,3RD PARTY,Committed,4/1/21,,,,HBO Acquired,2021,,,11/3/23,0,Tiffany,INTEMPERIE
6005,Do not use 5304,,,,,,,INTEMPERIE (AKA OUT IN THE OPEN),Movies Acquired,3RD PARTY,Committed,4/1/21,,,,HBO Acquired,2021,,,11/3/23,0,Tiffany,INTEMPERIE
6007,MAX-AQ-002281,,,,,,,"INTERVIEW, THE (2014)",Movies Acquired,SONY PICTURES TELEVISION INC.,Committed,5/1/21,,,No,Max Acquired,2021,,,11/3/23,0,Tiffany,INTERVIEW
6011,Do not use 2931,,,,,,,INTO THE BLUE 2: THE REEF,Movies Acquired,MGM,Committed,10/1/23,,,,HBO Acquired,2023,,,11/3/23,0,Tiffany,INTO THE BLUE
6014,Do not use 2838,,,,,,,INVASION OF THE BODY SNATCHERS 1978,Movies Acquired,MGM,Committed,8/1/22,,,,HBO Acquired,2022,,,11/3/23,0,Tiffany,INVASION OF THE BODY SNATCHERS
6015,Do not use 434,,,,,,,INVISIBLE STORIES 01:,Movies Acquired,INTERCOMPANY,Committed,8/1/20,,,,HBO Acquired,2020,,,11/3/23,0,Tiffany,INVISIBLE STORIES
6016,Do not use 4667,,,,,,,INVISIBLE STORIES 01:,Movies Acquired,INTERCOM,Committed,8/1/20,,,,HBO Acquired,2020,,,11/3/23,0,Tiffany,INVISIBLE STORIES
6023,Do not use 4780,,,,,,,IRIS xx,Movies Acquired,MIRAMAX,Committed,,,,,HBO Acquired,2021,,,11/3/23,0,Tiffany,IRIS xx
6025,MAX-AQ-000241,,,,,,,"IRON LADY, THE",Movies Acquired,"LIONS GATE ENTERTAINMENT, INC.",Committed,1/1/22,,,No,Max Acquired,2022,,,11/3/23,0,Tiffany,IRON LADY
6028,Do not use 5940,,,,,,,IRRESISTIBLE - 0645638_12-148,Movies Acquired,UNI,Committed,1/23/21,,,,HBO Acquired,2021,,,11/3/23,0,Tiffany,IRRESISTIBLE 
6029,MAX-AQ-001789,,,,,,,ISABEL Season 1,International Content Acquired,RMV ENTERPRISES,Committed,3/12/21,,,No,Max Acquired,2021,,,11/3/23,0,Tiffany,ISABEL 
6030,Do not use 902,,,,,,,ISLE OF DOGS,Movies Acquired,3RD-PARTY,Committed,6/1/26,,,,HBO Acquired,2026,,,11/3/23,0,Tiffany,ISLE OF DOGS
6031,803457,,,,,,,ISLE OF DOGS,Movies Acquired,FOX,Committed,12/1/18,,,,HBO Acquired,2018,,,11/3/23,0,Tiffany,ISLE OF DOGS
6032,Do not use 4296,,,,,,,ISMAELS GHOSTS,Movies Acquired,MAGNOLIA,Committed,9/1/24,,,,HBO Acquired,2024,,,11/3/23,0,Tiffany,ISMAELS GHOSTS
6033,Do not use 4230,,,,,,,ISMAELS GHOSTS,Movies Acquired,MAGNOLIA,Committed,10/1/23,,,,HBO Acquired,2023,,,11/3/23,0,Tiffany,ISMAELS GHOSTS
6034,Do not use 1397,,,,,,,ISNT IT ROMANTIC,Movies Acquired,INTERCOMPANY,Committed,3/28/27,,,,HBO Acquired,2027,,,11/3/23,0,Tiffany,ISNT IT ROMANTIC
6035,815083,,,,,,,ISNT IT ROMANTIC,Movies Acquired,NEW LINE,Committed,9/28/19,,,,HBO Acquired,2019,,,11/3/23,0,Tiffany,ISNT IT ROMANTIC
6038,Do not use 1600,,,,,,,IT COMES AT NIGHT,Movies Acquired,A24,Committed,1/1/24,,,,HBO Acquired,2024,,,11/3/23,0,Tiffany,IT COMES
6040,Do not use 2408,,,,,,,IT FOLLOWS,Movies Acquired,LIONS GATE,Committed,1/1/25,,,,HBO Acquired,2025,,,11/3/23,0,Tiffany,IT FOLLOWS
6043,MAX-AQ-000128,,,,,,,IT TAKES TWO�,Movies Acquired,PARAMOUNT PICTURES,Committed,,,,No,Max Acquired,1900,,,11/3/23,0,Tiffany,IT TAKES TWO�
6044,Do not use 1403,,,,,,,IT: CHAPTER 2,Movies Acquired,INTERCOMPANY,Committed,10/11/27,,,,HBO Acquired,2027,,,11/3/23,0,Tiffany,IT: CHAPTER 2
6045,782558,,,,,,,IT: CHAPTER 2,Movies Acquired,NEW LINE,Committed,4/11/20,,,,HBO Acquired,2020,,,11/3/23,0,Tiffany,IT: CHAPTER 2
6046,Do not use 5966,,,,,,,IT: CHAPTER 2 - 0632894_13-108.2,Movies Acquired,NL,Committed,4/11/20,,,,HBO Acquired,2020,,,11/3/23,0,Tiffany,IT: CHAPTER
6047,MAX-OP-000639,,,,,,,IT: Welcome to Derry S1,Drama Series Original,WBTV,Committed,,,DTC1235,No,Max OP,2025,,,11/3/23,0,Tiffany,Welcome to Derry
6048,MAX-OP-000660,,,,,,,IT: Welcome to Derry S2 / TBD,Drama Series Original,WBTV,Uncommitted,,,DTC1439,No,Max OP,2026,,,11/3/23,0,Tiffany,Welcome to Derry
6050,MAX-AQ-005339,,,,,,,Ice Pirates,Movies Acquired,WB,Committed,2/1/22,,,No,Max Acquired,2022,,,11/3/23,0,Tiffany,Ice Pirates
6057,MAX-OP-000140,,,,,,,If I Can't Have Love I Want Power,Special Original,CAPITOL MUSIC GROUP,Committed,,,DTC1280,No,Max OP,2021,,,11/3/23,0,Tiffany,If I Can't Have Love I Want Power
6058,HBO-OP-000688,,,,,,,Ill Will S1,Drama Series Original,,Uncommitted,,,Ill Will S1,No,HBO OP,,,,11/3/23,0,Tiffany,Ill Will
6059,MAX-AQ-006899,,,,,,,Impactical Jokers: The Movie,Unscripted Acquired,TRUTV,Uncommitted,9/1/25,,,No,Max Acquired,2025,,,11/3/23,0,Tiffany,Impracial Jokers
6060,MAX-AQ-006943,,,,,,,Impactical Jokers: The Movie,Unscripted Acquired,TRUTV,Uncommitted,9/2/27,,,No,Max Acquired,2027,,,11/3/23,0,Tiffany,Impracial Jokers
6061,MAX-AQ-005830,,,,,,,Impactical Jokers: The Movie,Unscripted Acquired,TRUTV,Committed,9/1/23,,,No,Max Acquired,2023,,,11/3/23,0,Tiffany,Impracial Jokers
6062,MAX-AQ-007111,,,,,,,Impactical Jokers: The Movie - Max,Unscripted Acquired,TRUTV,Committed,9/1/23,,,No,Max Acquired,2023,,,11/3/23,0,Tiffany,Impracial Jokers
6063,MAX-AQ-002182,,,,,,,Impracial Jokers S9A and Specials,Unscripted Acquired,TRUTV,Committed,9/29/21,,,No,Max Acquired,2021,,,11/3/23,0,Tiffany,Impracial Jokers
6064,MAX-AQ-002071,,,,,,,Impractical Jokers - Season 1-4,Unscripted Acquired,TRUTV,Committed,6/1/20,,,No,Max Acquired,2020,,,11/3/23,0,Tiffany,Impracial Jokers
6065,MAX-AQ-006900,,,,,,,Impractical Jokers - Season 1-4 (110 eps),Unscripted Acquired,TRUTV,Uncommitted,5/31/25,,,No,Max Acquired,2025,,,11/3/23,0,Tiffany,Impracial Jokers
6066,MAX-AQ-006944,,,,,,,Impractical Jokers - Season 1-4 (110 eps),Unscripted Acquired,TRUTV,Uncommitted,5/31/27,,,No,Max Acquired,2027,,,11/3/23,0,Tiffany,Impracial Jokers
6067,MAX-AQ-002072,,,,,,,Impractical Jokers - Season 5-8,Unscripted Acquired,TRUTV,Committed,9/1/20,,,No,Max Acquired,2020,,,11/3/23,0,Tiffany,Impracial Jokers
6068,MAX-AQ-006901,,,,,,,Impractical Jokers - Season 5-8 (118 eps),Unscripted Acquired,TRUTV,Uncommitted,9/1/25,,,No,Max Acquired,2025,,,11/3/23,0,Tiffany,Impracial Jokers
6069,MAX-AQ-006945,,,,,,,Impractical Jokers - Season 5-8 (118 eps),Unscripted Acquired,TRUTV,Uncommitted,9/2/27,,,No,Max Acquired,2027,,,11/3/23,0,Tiffany,Impracial Jokers
6070,MAX-AQ-005831,,,,,,,Impractical Jokers -100 Ep Selection,Unscripted Acquired,TRUTV,Committed,9/1/23,,,No,Max Acquired,2023,,,11/3/23,0,Tiffany,Impracial Jokers
6071,MAX-AQ-002183,,,,,,,Impractical Jokers After Party S4A & S4B,Unscripted Acquired,TRUTV,Committed,1/2/22,,,No,Max Acquired,2022,,,11/3/23,0,Tiffany,Impracial Jokers
6072,MAX-AQ-000338,,,,,,,Impractical Jokers Movie,Movies Acquired,TURNER,Committed,9/1/20,,,No,Max Acquired,2020,,,11/3/23,0,Tiffany,Impracial Jokers
6073,MAX-AQ-005747,,,,,,,Impractical Jokers S10A,Unscripted Acquired,TRUTV,Committed,5/27/23,,,No,Max Acquired,2023,,,11/3/23,0,Tiffany,Impracial Jokers
6074,MAX-AQ-003918,,,,,,,Impractical Jokers S9B,Unscripted Acquired,TRUTV,Committed,2/4/22,,,No,Max Acquired,2022,,,11/3/23,0,Tiffany,Impracial Jokers
6075,MAX-AQ-003920,,,,,,,Impractical Jokers S9C,Unscripted Acquired,TRUTV,Committed,9/10/22,,,No,Max Acquired,2022,,,11/3/23,0,Tiffany,Impracial Jokers
6077,MAX-AQ-002074,,,,,,,Impractical Jokers: After Party ,Unscripted Acquired,TRUTV,Committed,9/1/20,,,No,Max Acquired,2020,,,11/3/23,0,Tiffany,Impracial Jokers
6078,MAX-AQ-002073,,,,,,,Impractical Jokers: After Party - Order #1,Unscripted Acquired,TRUTV,Committed,6/1/20,,,No,Max Acquired,2020,,,11/3/23,0,Tiffany,Impracial Jokers
6079,MAX-AQ-002075,,,,,,,Impractical Jokers: After Party 3C,Unscripted Acquired,TRUTV,Committed,12/1/20,,,No,Max Acquired,2020,,,11/3/23,0,Tiffany,Impracial Jokers
6087,MAX-AQ-002980,,,,,,,In the Heights (First Window),Movies Acquired,WB,Committed,6/11/21,,,No,Max Acquired,2021,,,11/3/23,0,Tiffany,In the Heights
6088,MAX-AQ-002997,,,,,,,In the Heights (Second Window),Movies Acquired,WB,Committed,4/1/23,,,No,Max Acquired,2023,,,11/3/23,0,Tiffany,In the Heights
6101,Do not use 384,,,,,,,Incremental AVOD Fees - Univ (Committed),Movies Acquired,3RD-PARTY,Committed,,,,,HBO Acquired,1900,,,11/3/23,0,Tiffany,Incremental AVOD
6108,MAX-AQ-001979,,,,,,,Infinity Train Book 1,Kids Content Original,CN,Committed,6/1/20,,,Yes,Max Acquired,2020,,,11/3/23,0,Tiffany,Infinity Train
6109,MAX-AQ-001980,,,,,,,Infinity Train Book 2,Kids Content Original,CN,Committed,6/10/20,,,Yes,Max Acquired,2020,,,11/3/23,0,Tiffany,Infinity Train
6110,MAX-OP-000026,,,,,,,Infinity Train Order #2A,Kids Content Original,CNS,Committed,,,DTC1097,Yes,Max OP,2020,,,11/3/23,0,Tiffany,Infinity Train
6111,MAX-OP-000094,,,,,,,Infinity Train Order -#2B,Kids Content Original,DTC,Committed,,,INFTS2B,Yes,Max OP,2021,,,11/3/23,0,Tiffany,Infinity Train
6112,MAX-AQ-002222,,,,,,,Infomercial Series,Comedy Series Acquired,AS,Committed,3/15/21,,,No,Max Acquired,2021,,,11/3/23,0,Tiffany,Infomercial Series
6114,MAX-AQ-005829,,,,,,,Infomercials (Batch #1),Comedy Series Acquired,AS,Committed,9/1/23,,,No,Max Acquired,2023,,,11/3/23,0,Tiffany,Infomercials #1)
6115,MAX-AQ-006942,,,,,,,Infomercials (Batch #1),Comedy Series Acquired,AS,Uncommitted,9/2/27,,,No,Max Acquired,2027,,,11/3/23,0,Tiffany,Infomercials #1)
6116,MAX-AQ-006898,,,,,,,Infomercials (Batch #1),Comedy Series Acquired,AS,Uncommitted,9/1/25,,,No,Max Acquired,2025,,,11/3/23,0,Tiffany,Infomercials #1)
6117,MAX-AQ-000828,,,,,,,"Informer, The",Movies Acquired,WB,Committed,,,,No,Max Acquired,1900,,,11/3/23,0,Tiffany,Informer
6135,MAX-AQ-002077,,,,,,,Inside Carbonaro,Unscripted Acquired,TRUTV,Committed,6/2/20,,,No,Max Acquired,2020,,,11/3/23,0,Tiffany,Inside Carbonaro
6139,MAX-AQ-002035,,,,,,,Inside Evil with Chris Cuomo ,Documentary Series Acquired,HLN,Committed,12/1/20,,,No,Max Acquired,2020,,,11/3/23,0,Tiffany,Inside Evil
6140,MAX-AQ-001538,,,,,,,Inside Number 9 S1,Drama Series Original,"BBC STUDIOS AMERICAS, INC.",Committed,6/1/20,,,No,Max Acquired,2020,,,11/3/23,0,Tiffany,Inside Number 9
6141,MAX-AQ-001539,,,,,,,Inside Number 9 S2,Drama Series Original,"BBC STUDIOS AMERICAS, INC.",Committed,6/1/20,,,No,Max Acquired,2020,,,11/3/23,0,Tiffany,Inside Number 9
6142,MAX-AQ-001540,,,,,,,Inside Number 9 S3,Drama Series Original,"BBC STUDIOS AMERICAS, INC.",Committed,6/1/20,,,No,Max Acquired,2020,,,11/3/23,0,Tiffany,Inside Number 9
6143,MAX-AQ-001541,,,,,,,Inside Number 9 S4,Drama Series Original,"BBC STUDIOS AMERICAS, INC.",Committed,6/1/20,,,No,Max Acquired,2020,,,11/3/23,0,Tiffany,Inside Number
6144,MAX-AQ-001542,,,,,,,Inside Number 9 S5,Drama Series Original,"BBC STUDIOS AMERICAS, INC.",Committed,6/1/20,,,No,Max Acquired,2020,,,11/3/23,0,Tiffany,Inside Number
6145,MAX-AQ-003169,,,,,,,Inside The NBA Special,Documentary Series Acquired,TNT,Committed,4/6/21,,,No,Max Acquired,2021,,,11/3/23,0,Tiffany,Inside The
6150,HBO-OP-000645,,,,,,,Insurance,"Development, Overall Deals, Other",,Committed,,,WCF-Insurance,No,HBO OP,,,,11/3/23,0,Tiffany,Insurance
6151,HBO-OP-000786,,,,,,,Insurance Premium,"Development, Overall Deals, Other",,Uncommitted,,,WCF-10019444,No,HBO OP,,,,11/3/23,0,Tiffany,Insurance Premium
6152,MAX-OP-000468,,,,,,,Int'l Contingency 2023,"Development, Overall Deals, Other",,Committed,,,INTCONT23,No,Max OP,2023,,,11/3/23,0,Tiffany,Int'l Contingency 2023
6153,MAX-OP-000574,,,,,,,Int'l Contingency 2024,"Development, Overall Deals, Other",,Committed,,,INTCONT24,No,Max OP,2024,,,11/3/23,0,Tiffany,Int'l Contingency 2024
6158,MAX-AQ-007263,,,,,,,Interview With the Vampire S1,Drama Series Acquired,RAINBOW MEDIA HOLDINGS LLC,Committed,9/1/23,,,No,Max Acquired,2023,,,11/3/23,0,Tiffany,Interview With the Vampire
6160,HBO-OP-000788,,,,,,,Investments,"Development, Overall Deals, Other",,Uncommitted,,,WCF-Investments,No,HBO OP,,,,11/3/23,0,Tiffany,Investments
6161,MAX-AQ-007430,,,,,,,Invincible Fight Girl,Adult Animation Acquired,AS,Committed,9/1/24,,,No,Max Acquired,2024,,,11/3/23,0,Tiffany,Invincible Fight Girl
6162,MAX-AQ-000172,,,,,,,Invisible War,Documentary Feature Acquired,"CHAIN CAMERA PICTURES, INC.",Committed,10/1/20,,,No,Max Acquired,2020,,,11/3/23,0,Tiffany,Invisible War
6165,MAX-AQ-007616,,,,,,,"Iron Giant, The",Movies Acquired,WB,Committed,9/1/23,,,No,Max Acquired,2023,,,11/3/23,0,Tiffany,Iron Giant
6166,MAX-AQ-000528,,,,,,,"Iron Giant, The",Movies Acquired,WB,Committed,,,,No,Max Acquired,1900,,,11/3/23,0,Tiffany,Iron Giant
6167,MAX-AQ-003400,,,,,,,"Iron Giant, The",Movies Acquired,WB,Committed,2/1/22,,,No,Max Acquired,2022,,,11/3/23,0,Tiffany,Iron Giant
6168,MAX-AQ-001160,,,,,,,"Iron Giant, The",Movies Acquired,WB,Committed,,,,No,Max Acquired,1900,,,11/3/23,0,Tiffany,Iron Giant
6169,MAX-AQ-007511,,,,,,,"Iron Giant, The",Movies Acquired,WB,Committed,8/1/23,,,No,Max Acquired,2023,,,11/3/23,0,Tiffany,Iron Giant
6170,MAX-AQ-005083,,,,,,,"Iron Giant, The",Movies Acquired,WB,Committed,6/1/22,,,No,Max Acquired,2022,,,11/3/23,0,Tiffany,Iron Giant
6171,MAX-AQ-007729,,,,,,,"Iron Giant, The",Movies Acquired,WB,Committed,11/1/23,,,No,Max Acquired,2023,,,11/3/23,0,Tiffany,Iron Giant
6172,MAX-AQ-005763,,,,,,,"Iron Giant, The",Movies Acquired,WB,Committed,9/1/22,,,No,Max Acquired,2022,,,11/3/23,0,Tiffany,Iron Giant
6173,MAX-OP-000888,,,,,,,Isadora Moon S1A,Kids Content Original,KELEBEK MEDIA,Committed,,,HKF0032,Yes,Max OP,2025,,,11/3/23,0,Tiffany,Isadora Moon
6174,MAX-OP-000898,,,,,,,Isadora Moon S1B,Kids Content Original,TP,Committed,,,ISAMOONS1B,Yes,Max OP,2025,,,11/3/23,0,Tiffany,Isadora Moon
6175,MAX-OP-000932,,,,,,,Isadora Moon S1C,Kids Content Original,TP,Uncommitted,,,ISAMOONS1C,Yes,Max OP,2026,,,11/3/23,0,Tiffany,Isadora Moon
6176,HBO-OP-001187,,,,,,,Issa Rae Pilot,Special Original,,Committed,,,WCF-10024640,No,HBO OP,2023,,,11/3/23,0,Tiffany,Issa Rae Pilot
6177,MAX-AQ-006307,,,,,,,It (2017),Movies Acquired,WB,Committed,10/1/23,,,No,Max Acquired,2023,,,11/3/23,0,Tiffany,It
6178,MAX-AQ-004035,,,,,,,It (2017),Movies Acquired,WB,Committed,6/19/22,,,No,Max Acquired,2022,,,11/3/23,0,Tiffany,It
6179,MAX-AQ-004589,,,,,,,It (2017),Movies Acquired,WB,Committed,2/27/22,,,No,Max Acquired,2022,,,11/3/23,0,Tiffany,It
6180,MAX-AQ-004590,,,,,,,It (2017),Movies Acquired,WB,Committed,5/27/22,,,No,Max Acquired,2022,,,11/3/23,0,Tiffany,It
6181,MAX-AQ-004591,,,,,,,It (2017),Movies Acquired,WB,Committed,12/19/22,,,No,Max Acquired,2022,,,11/3/23,0,Tiffany,It
6182,MAX-AQ-006304,,,,,,,It (2017),Movies Acquired,WB,Committed,4/1/23,,,No,Max Acquired,2023,,,11/3/23,0,Tiffany,It
6183,MAX-AQ-006305,,,,,,,It (2017),Movies Acquired,WB,Committed,5/1/23,,,No,Max Acquired,2023,,,11/3/23,0,Tiffany,It
6184,MAX-AQ-006306,,,,,,,It (2017),Movies Acquired,WB,Committed,9/1/23,,,No,Max Acquired,2023,,,11/3/23,0,Tiffany,It
6185,MAX-AQ-004593,,,,,,,It (Stephen King's),Movies Acquired,WB,Committed,10/1/22,,,No,Max Acquired,2022,,,11/3/23,0,Tiffany,It
6186,MAX-AQ-002622,,,,,,,It (Stephen King's),Movies Acquired,WB,Committed,1/1/21,,,No,Max Acquired,2021,,,11/3/23,0,Tiffany,It
6187,MAX-AQ-002623,,,,,,,It (Stephen King's),Movies Acquired,WB,Committed,12/1/21,,,No,Max Acquired,2021,,,11/3/23,0,Tiffany,It
6188,MAX-AQ-003019,,,,,,,It (Stephen King's),Movies Acquired,WB,Committed,9/1/21,,,No,Max Acquired,2021,,,11/3/23,0,Tiffany,It
6189,MAX-AQ-006309,,,,,,,It (Stephen King's),Movies Acquired,WB,Committed,10/1/23,,,No,Max Acquired,2023,,,11/3/23,0,Tiffany,It
6190,MAX-AQ-006308,,,,,,,It (Stephen King's),Movies Acquired,WB,Committed,4/1/23,,,No,Max Acquired,2023,,,11/3/23,0,Tiffany,It
6191,MAX-AQ-004594,,,,,,,It (Stephen King's),Movies Acquired,WB,Committed,11/1/22,,,No,Max Acquired,2022,,,11/3/23,0,Tiffany,It
6192,MAX-AQ-004592,,,,,,,It (Stephen King's),Movies Acquired,WB,Committed,5/1/22,,,No,Max Acquired,2022,,,11/3/23,0,Tiffany,It
6210,MAX-AQ-002840,,,,,,,It Happened on Fifth Avenue,Movies Acquired,WB,Committed,9/1/21,,,No,Max Acquired,2021,,,11/3/23,0,Tiffany,It Happened on Fifth Avenue
6211,MAX-AQ-000829,,,,,,,It Happened on Fifth Avenue,Movies Acquired,WB,Committed,,,,No,Max Acquired,1900,,,11/3/23,0,Tiffany,It Happened on Fifth Avenue
6212,MAX-AQ-005342,,,,,,,It Happened on Fifth Avenue,Movies Acquired,WB,Committed,9/1/22,,,No,Max Acquired,2022,,,11/3/23,0,Tiffany,It Happened on Fifth Avenue
14131,Do not use 1675,,,,,,,WARNING SIGN,Movies Acquired,FOX,Committed,11/1/18,,,,HBO Acquired,2018,,,11/3/23,0,Tiffany,WARNING SIGN
14133,Do not use 4824,,,,,,,WASTELAND (PUSTINA) S1 (EPS 1 - 8),Movies Acquired,INTERCOM,Committed,11/1/17,,,,HBO Acquired,2017,,,11/3/23,0,Tiffany,WASTELAND
14134,Do not use 444,,,,,,,WASTELAND (PUSTINA) S1 (EPS 1 - 8),Movies Acquired,INTERCOMPANY,Committed,11/1/17,,,,HBO Acquired,2017,,,11/3/23,0,Tiffany,WASTELAND
14136,Do not use 3466,,,,,,,WAYNES WORLD,Movies Acquired,PARAMOUNT,Committed,2/1/23,,,,HBO Acquired,2023,,,11/3/23,0,Tiffany,WAYNES WORLD
14137,Do not use 3467,,,,,,,WAYNES WORLD 2,Movies Acquired,PARAMOUNT,Committed,2/1/23,,,,HBO Acquired,2023,,,11/3/23,0,Tiffany,WAYNES WORLD 2
14138,MAX-AQ-002362,,,,,,,WB Kids and Family 2021 - Amort,"Development, Overall Deals, Other",WB,Uncommitted,12/1/21,,,Yes,Max Acquired,2021,,,11/3/23,0,Tiffany,
14139,MAX-AQ-002363,,,,,,,WB Kids and Family 2022 - Amort,Kids Content Acquired,WB,Uncommitted,12/1/22,,,Yes,Max Acquired,2022,,,11/3/23,0,Tiffany,
14140,MAX-AQ-002367,,,,,,,WB Kids and Family 2022 - Cash,Kids Content Acquired,WB,Uncommitted,12/1/22,,,Yes,Max Acquired,2022,,,11/3/23,0,Tiffany,
14141,MAX-AQ-002364,,,,,,,WB Kids and Family 2023 - Amort,Kids Content Acquired,WB,Uncommitted,7/1/23,,,Yes,Max Acquired,2023,,,11/3/23,0,Tiffany,
14142,MAX-AQ-002368,,,,,,,WB Kids and Family 2023 - Cash,Kids Content Acquired,WB,Uncommitted,7/1/23,,,Yes,Max Acquired,2023,,,11/3/23,0,Tiffany,
14143,MAX-AQ-002365,,,,,,,WB Kids and Family 2024 - Amort,Kids Content Acquired,WB,Uncommitted,1/1/24,,,Yes,Max Acquired,2024,,,11/3/23,0,Tiffany,
14144,MAX-AQ-002369,,,,,,,WB Kids and Family 2024 - Cash,Kids Content Acquired,WB,Uncommitted,1/1/24,,,Yes,Max Acquired,2024,,,11/3/23,0,Tiffany,
14145,MAX-AQ-007368,,,,,,,WB Kids and Family 2025 - Amort,Kids Content Acquired,WB,Uncommitted,1/1/25,,,Yes,Max Acquired,2025,,,11/3/23,0,Tiffany,
14146,MAX-AQ-007372,,,,,,,WB Kids and Family 2025 - Cash,Kids Content Acquired,WB,Uncommitted,1/1/25,,,Yes,Max Acquired,2025,,,11/3/23,0,Tiffany,
14147,MAX-AQ-007369,,,,,,,WB Kids and Family 2026 - Amort,Kids Content Acquired,WB,Uncommitted,1/1/26,,,Yes,Max Acquired,2026,,,11/3/23,0,Tiffany,
14148,MAX-AQ-007373,,,,,,,WB Kids and Family 2026 - Cash,Kids Content Acquired,WB,Uncommitted,1/1/26,,,Yes,Max Acquired,2026,,,11/3/23,0,Tiffany,
14149,MAX-AQ-007370,,,,,,,WB Kids and Family 2027 - Amort,Kids Content Acquired,WB,Uncommitted,1/1/27,,,Yes,Max Acquired,2027,,,11/3/23,0,Tiffany,
14150,MAX-AQ-007374,,,,,,,WB Kids and Family 2027 - Cash,Kids Content Acquired,WB,Uncommitted,1/1/27,,,Yes,Max Acquired,2027,,,11/3/23,0,Tiffany,
14151,MAX-AQ-007371,,,,,,,WB Kids and Family 2028 - Amort,"Development, Overall Deals, Other",WB,Uncommitted,1/1/28,,,Yes,Max Acquired,2028,,,11/3/23,0,Tiffany,
14152,MAX-AQ-007375,,,,,,,WB Kids and Family 2028 - Cash,"Development, Overall Deals, Other",WB,Uncommitted,1/1/28,,,Yes,Max Acquired,2028,,,11/3/23,0,Tiffany,
14153,MAX-AQ-005808,,,,,,,WB Series Under License Going Co-Exclusive,Comedy Series Acquired,WB,Uncommitted,10/1/23,,,No,Max Acquired,2023,,,11/3/23,0,Tiffany,
14160,Do not use 5049,,,,,,,WEDDING DAZE,Movies Acquired,MGM,Committed,,,,,HBO Acquired,2019,,,11/3/23,0,Tiffany,WEDDING DAZE
14161,Do not use 2641,,,,,,,WEDDING DAZE,Movies Acquired,MGM,Committed,11/1/19,,,,HBO Acquired,2019,,,11/3/23,0,Tiffany,WEDDING DAZE
14177,Do not use 473,,,,,,,WELCOME TO UTMARK S1 (EPS 1-8) [AKA WILDERNESS ] HBO MAX P&L | HBO CASH,Movies Acquired,INTERCOMPANY,Committed,10/1/21,,,,HBO Acquired,2021,,,11/3/23,0,Tiffany,WELCOME TO
14180,Do not use 4525,,,,,,,WENDY - 0644753_12-114,Movies Acquired,FOX,Committed,12/1/20,,,,HBO Acquired,2020,,,11/3/23,0,Tiffany,WENDY
14181,Do not use 1379,,,,,,,WERE THE MILLERS,Movies Acquired,INTERCOMPANY,Committed,4/5/22,,,,HBO Acquired,2022,,,11/3/23,0,Tiffany,WERE THE MILLERS
14185,Do not use 3141,,,,,,,WES CRAVEN PRESENTS: THEY,Movies Acquired,MIRAMAX,Committed,7/1/23,,,,HBO Acquired,2023,,,11/3/23,0,Tiffany,WES CRAVEN
14186,Do not use 2815,,,,,,,WEST SIDE STORY 1961,Movies Acquired,MGM,Committed,2/1/22,,,,HBO Acquired,2022,,,11/3/23,0,Tiffany,WEST SIDE STORY
14187,Do not use 944,,,,,,,WEST SIDE STORY 2021,Movies Acquired,3RD-PARTY,Committed,9/2/29,,,,HBO Acquired,2029,,,11/3/23,0,Tiffany,WEST SIDE STORY
14188,817743,,,,,,,WEST SIDE STORY 2021,Movies Acquired,FOX,Committed,3/2/22,,,,HBO Acquired,2022,,,11/3/23,0,Tiffany,WEST SIDE STORY
14191,Do not use 5777,,,,,,,WESTERN STARS - 0644553_13-108.2,Movies Acquired,WB,Committed,5/1/20,,,,HBO Acquired,2020,,,11/3/23,0,Tiffany,WESTERN STARS
14197,Do not use 2281,,,,,,,WHAT TO EXPECT WHEN YOURE EXPECTING,Movies Acquired,LIONS GATE,Committed,5/1/22,,,,HBO Acquired,2022,,,11/3/23,0,Tiffany,WHAT TO EXPECT WHEN
14201,Do not use 3409,,,,,,,WHATS EATING GILBERT GRAPE,Movies Acquired,PARAMOUNT,Committed,7/1/22,,,,HBO Acquired,2022,,,11/3/23,0,Tiffany,EATING GILBERT GRAPE
14202,Do not use 2804,,,,,,,WHATS THE WORST THAT COULD HAPPEN?,Movies Acquired,MGM,Committed,11/1/21,,,,HBO Acquired,2021,,,11/3/23,0,Tiffany,THE WORST THAT COULD HAPPEN
14203,Do not use 4783,,,,,,,WHATS THE WORST THAT COULD HAPPEN?,Movies Acquired,MGM,Committed,,,,,HBO Acquired,2021,,,11/3/23,0,Tiffany,THE WORST THAT COULD HAPPEN
14204,Do not use 959,,,,,,,WHATS YOUR NUMBER?,Movies Acquired,3RD-PARTY,Committed,1/1/20,,,,HBO Acquired,2020,,,11/3/23,0,Tiffany,YOUR NUMBER?
14205,Do not use 4430,,,,,,,WHEN A STRANGER CALLS,Movies Acquired,SONY,Committed,1/1/24,,,,HBO Acquired,2024,,,11/3/23,0,Tiffany,WHEN A STRANGER CALLS
14206,Do not use 4640,,,,,,,WHEN SHALL WE KISS (TARSAS JATEK) S1 (EPS 1-13) - HUNGARIAN,Movies Acquired,INTERCOM,Committed,6/1/18,,,,HBO Acquired,2018,,,11/3/23,0,Tiffany,WHEN SHALL WE KISS
14207,Do not use 448,,,,,,,WHEN SHALL WE KISS (TARSAS JATEK) S1 (EPS 1-13) - HUNGARIAN,Movies Acquired,INTERCOMPANY,Committed,6/1/18,,,,HBO Acquired,2018,,,11/3/23,0,Tiffany,WHEN SHALL WE KISS
14208,Do not use 449,,,,,,,WHEN SHALL WE KISS (TARSAS JATEK) S2 (EPS 14-26) - HUNGARIAN,Movies Acquired,INTERCOMPANY,Committed,6/1/18,,,,HBO Acquired,2018,,,11/3/23,0,Tiffany,WHEN SHALL WE KISS
14209,Do not use 4641,,,,,,,WHEN SHALL WE KISS (TARSAS JATEK) S2 (EPS 14-26) - HUNGARIAN,Movies Acquired,INTERCOM,Committed,6/1/18,,,,HBO Acquired,2018,,,11/3/23,0,Tiffany,WHEN SHALL WE KISS